id,license_number,primary_owner,office_of_application,business_name,business_address,county,census_tract,licensee,license_type_status,status_date,original_issue_date,expiration_date,duplicate,conditions,operating_restrictions,disciplinary_action,disciplinary_history,holds,escrows,from_license_number,transferred_on,to_license_number,transferred_on2,place_name,website,types,business_status,fee_code,master,transfers,business_name_secondary,business_address_secondary,phone_number,license_type,primary_name,dba_name,prem_addr_1,prem_addr_2,prem_city,prem_state,prem_zip,yelp_link,yelp_name,yelp_phone,yelp_website,yelp_rating,output_lincense_file_status,yelp_file_status
103,403596,BANGKOK INTERNATIONAL INC,25 - SAN JOSE,THAIPHOON RESTAURANT,543 EMERSON ST   PALO ALTO  CA  94301,SANTA CLARA,5113.02,BANGKOK INTERNATIONAL INC,ACTIVE,,,,,N/A,No Operating Restrictions found,No Active Disciplinary Action found,Reg. Number:        07067140        Section:25658(a)Section:24200(a&b)            Proceeding Status:            CLOSED                    Decision:            POIC                        Suspension Days:            10                        POIC/Fine:            939.5,No Active Holds found,No Escrow found,47-351388,,N/A,,Thaiphoon restaurant,http://thaiphoononline.net/,  bar |   restaurant |   food |   point_of_interest |   establishment,OPERATIONAL,P40,Y,1,THAIPHOON RESTAURANT,543 EMERSON ST   PALO ALTO  CA  94301,+1 650-323-7700,47 - ON-SALE GENERAL EATING PLACE,BANGKOK INTERNATIONAL INC,THAIPHOON RESTAURANT,543 EMERSON ST,,PALO ALTO,CA,94301,https://www.yelp.nl/biz/thaiphoon-palo-alto?osq=THAIPHOON+RESTAURANT,Thaiphoon,(650) 323-7700,https://thaiphoononline.net,3.3,True,True
104,408304,NUNEZ  GERMAN,11 - SANTA ANA,COSTA AZUL RESTAURANT,2401 S FAIRVIEW ST   SANTA ANA  CA  92704,ORANGE,741.06,NUNEZ  JORGE| NUNEZ  GERMAN| NUNEZ  ROBELICIA,ACTIVE,,,,,N/A,*Operating Restrictions exist. For more information  please see our Guidelines for Access to Records.,No Active Disciplinary Action found,No Disciplinary History found.,Hold Type:                    SPECIAL HOLD                    Hold Date:                    29-MAR-2006,No Escrow found,N/A,,N/A,,Costa Azul,https://www.eatcostaazul.com/,  bar |   restaurant |   food |   point_of_interest |   establishment,OPERATIONAL,P40,Y,1,COSTA AZUL RESTAURANT,2401 S FAIRVIEW ST   SANTA ANA  CA  92704,+1 714-434-7544,47 - ON-SALE GENERAL EATING PLACE,NUNEZ  GERMAN,COSTA AZUL RESTAURANT,2401 S FAIRVIEW ST,,SANTA ANA,CA,92704-5323,https://www.yelp.nl/biz/costa-azul-restaurant-santa-ana?osq=COSTA+AZUL+RESTAURANT,Costa Azul Restaurant,(714) 434-7544,https://eatcostaazul.com,3.1,True,True
105,411342,,,,,,,,,,,,,,,,,,,,,,,,,,,,,,,,,,,,,,,,,,,,,,False,False
106,117568,WATER VIEW RESTAURANTS INC,10 - SAN DIEGO,EDGEWATER GRILL,861 W HARBOR DR   SAN DIEGO  CA  92101,SAN DIEGO,51.03,WATER VIEW RESTAURANTS INC,ACTIVE,,,,,N/A,The primary business of the licensed premises shall always remain a restaurant. There shall be no pool tables or coin operated games permitted on the premises. The quarterly annual sales of alcoholic beverages shall not exceed the quarterly annual sales of food.,No Active Disciplinary Action found,No Disciplinary History found.,No Active Holds found,No Escrow found,N/A,,N/A,,Edgewater Grill,http://www.edgewatergrill.com/,  restaurant |   food |   point_of_interest |   establishment,OPERATIONAL,P40,Y,1,EDGEWATER GRILL,861 W HARBOR DR   SAN DIEGO  CA  92101,+1 619-232-7581,47 - ON-SALE GENERAL EATING PLACE,WATER VIEW RESTAURANTS INC,EDGEWATER GRILL,861 W HARBOR DR,,SAN DIEGO,CA,92101,https://www.yelp.nl/biz/edgewater-grill-san-diego?osq=EDGEWATER+GRILL,Edgewater Grill,(619) 232-7581,https://edgewatergrill.com,2.9,True,True
107,480964,,,,,,,,,,,,,,,,,,,,,,,,,,,,,,,,,,,,,,,,,,,,,,False,False
108,433353,TRIALS PUB,25 - SAN JOSE,TRIALS PUB,265 N 1ST ST   SAN JOSE  CA  95113,SANTA CLARA,5008.00,TRIALS PUB,ACTIVE,,,,,N/A,*Operating Restrictions exist. For more information  please see our Guidelines for Access to Records.,No Active Disciplinary Action found,No Disciplinary History found.,No Active Holds found,No Escrow found,47-392175,,N/A,,Trials Pub,http://www.trialspub.com/,  bar |   point_of_interest |   establishment,OPERATIONAL,P40,Y,1,TRIALS PUB,265 N 1ST ST   SAN JOSE  CA  95113,+1 408-947-0497,47 - ON-SALE GENERAL EATING PLACE,TRIALS PUB,TRIALS PUB,265 N 1ST ST,,SAN JOSE,CA,95113,https://www.yelp.nl/biz/la-catalana-san-jose,La Catalana,(408) 324-1321,https://lacatalanatapas.com,3.9,True,True
109,394782,66 CALIFORNIA INC,12 - VENTURA,CAFE FIORE,66 S CALIFORNIA ST   VENTURA  CA  93001,VENTURA,24.00,66 CALIFORNIA INC,ACTIVE,,,,,N/A,Sales  service and consumption of alcoholic beverages shall be permitted only between the hours of 11:30 AM  and 01:30 AM each day of the week. The quarterly gross sales of alcoholic beverages shall not exceed the quarterly gross sales of food during the same period.  The licensee shall at all times maintain records which reflect separately the gross sale of food and the gross sales of alcoholic beverages of the licensed business.  Said records shall be kept no less frequently than on a quarterly basis and shall be made available to the Department on demand. During normal meal hours  the premises must possess the necessary utensils  table service  and condiment dispensers with which to serve meals to the public. Entertainment provided shall not be audible beyond the area under the control of the licensee(s)  as defined on the most recently certified ABC-257. If deemed necessary by the Department or by the City of Ventura  security will be provided on Friday and Saturday nights. The sale of alcoholic beverages for consumption off the premises is strictly prohibited. The petitioner(s) shall be responsible for maintaining free of litter the area adjacent to the premises over which they have control  as depicted on the most recently certified ABC-257 and ABC-253. Any graffiti painted or marked upon the premises or on any adjacent area under the control of the licensee(s)  as depicted on the most recently certified ABC-257 and ABC-253  shall be removed or painted over within 48 hours of being applied.,No Active Disciplinary Action found,Reg. Number:        14079851        Section:23804Section:24200(A&B)            Proceeding Status:            CLOSED                    Decision:            ALL STAYED,No Active Holds found,No Escrow found,47-378340,,N/A,,Cafe Fiore,https://www.cafefiore.net/,  restaurant |   food |   point_of_interest |   establishment,OPERATIONAL,P40,Y,1,CAFE FIORE,66 S CALIFORNIA ST   VENTURA  CA  93001,+1 805-653-1266,47 - ON-SALE GENERAL EATING PLACE,66 CALIFORNIA INC,CAFE FIORE,66 S CALIFORNIA ST,,VENTURA,CA,93001,https://www.yelp.nl/biz/cafe-fiore-ventura?osq=CAFE+FIORE,Cafe Fiore,(805) 653-1266,https://cafefiore.net,3.6,True,True
110,299649,CASBAH ROCK INC,10 - SAN DIEGO,CASBAH THE,2501 KETTNER BLVD   SAN DIEGO  CA  92101,SAN DIEGO,61.00,CASBAH ROCK INC,ACTIVE,,,,,CODE 8 - SELF-INCORPORATION - HISTORICAL VALUE,No Operating Restrictions found,No Active Disciplinary Action found,No Disciplinary History found.,No Active Holds found,No Escrow found,48-291160,,N/A,,Casbah,http://www.casbahmusic.com/,  point_of_interest |   establishment,OPERATIONAL,P40,Y,1,CASBAH THE,2501 KETTNER BLVD   SAN DIEGO  CA  92101,+1 619-232-4355,48 - ON-SALE GENERAL PUBLIC PREMISES,CASBAH ROCK INC,CASBAH THE,2501 KETTNER BLVD,,SAN DIEGO,CA,92101,https://www.yelp.nl/biz/the-casbah-san-diego?osq=CASBAH+THE,The Casbah,(619) 232-4355,https://casbahmusic.com,4.4,True,True
111,294323,A J CALOR INC,11 - SANTA ANA,EL CALOR,2916 W LINCOLN AVE   ANAHEIM  CA  92801,ORANGE,869.03,A J CALOR INC,ACTIVE,,,,,N/A,*Operating Restrictions exist. For more information  please see our Guidelines for Access to Records.,No Active Disciplinary Action found,Reg. Number:        97039493        Section:25663(a)Section:25658(a)Section:24200(a&b)            Proceeding Status:            CLOSED                    Decision:            POIC                        Suspension Days:            15                        Stayed Days:            5                        POIC/Fine:            3000,No Active Holds found,No Escrow found,47-294323,,N/A,,El Calor Mexican,,  night_club |   bar |   point_of_interest |   establishment,OPERATIONAL,P40,Y,1,EL CALOR,2916 W LINCOLN AVE   ANAHEIM  CA  92801,+1 714-527-8873,48 - ON-SALE GENERAL PUBLIC PREMISES,A J CALOR INC,EL CALOR,2916 W LINCOLN AVE,,ANAHEIM,CA,92801-6245,https://www.yelp.nl/biz/el-calor-mexican-restaurant-and-nightclub-anaheim?osq=EL+CALOR,El Calor Mexican Restaurant & Nightclub,(714) 527-8873,not url,2.5,True,True
112,48514,LAS CASUELAS NUEVAS INC,08 - PALM DESERT,LAS CASUELAS NUEVAS,70050 HIGHWAY 111   RANCHO MIRAGE  CA  92270,RIVERSIDE,451.03,LAS CASUELAS NUEVAS INC,ACTIVE,,,,,N/A,*Operating Restrictions exist. For more information  please see our Guidelines for Access to Records.,No Active Disciplinary Action found,Reg. Number:        08068636        Section:25658(a)Section:24200(a)            Proceeding Status:            CLOSED                    Decision:            SUSPEND                        Suspension Days:            30                        Stayed Days:            15                        Suspension Start Date:            14-AUG-2008                        Suspension End Date:            28-AUG-2008,No Active Holds found,No Escrow found,N/A,,N/A,,Las Casuelas Nuevas,http://www.lascasuelasnuevas.com/,  bar |   restaurant |   food |   point_of_interest |   establishment,OPERATIONAL,P0,Y,1,LAS CASUELAS NUEVAS,70050 HIGHWAY 111   RANCHO MIRAGE  CA  92270,+1 760-328-8844,47 - ON-SALE GENERAL EATING PLACE,LAS CASUELAS NUEVAS INC,LAS CASUELAS NUEVAS,70050 HIGHWAY 111,,RANCHO MIRAGE,CA,92270-2924,https://www.yelp.nl/biz/las-casuelas-nuevas-rancho-mirage?osq=LAS+CASUELAS+NUEVAS,Las Casuelas Nuevas,(760) 328-8844,https://lascasuelasnuevas.com,3.4,True,True
113,361320,J PAR INC,10 - SAN DIEGO,BLUE AGAVE NIGHTCLUB,6608 MISSION GORGE RD   SAN DIEGO  CA  92120,SAN DIEGO,95.09,J PAR INC,ACTIVE,,,,,N/A,*Operating Restrictions exist. For more information  please see our Guidelines for Access to Records.,No Active Disciplinary Action found,No Disciplinary History found.,No Active Holds found,No Escrow found,N/A,,N/A,,Blue Agave Night Club,,  night_club |   bar |   point_of_interest |   establishment,OPERATIONAL,P40,Y,1,BLUE AGAVE NIGHTCLUB,6608 MISSION GORGE RD   SAN DIEGO  CA  92120,+1 619-521-3194,48 - ON-SALE GENERAL PUBLIC PREMISES,J PAR INC,BLUE AGAVE NIGHTCLUB,6608 MISSION GORGE RD,,SAN DIEGO,CA,92120,,,,,,True,True
114,305347,KOROYAN  ARTHUR,21 - FRESNO,GEORGES BAR & GRILL,6680 N BLACKSTONE AVE   FRESNO  CA  93710,FRESNO,45.04,KOROYAN  ARTHUR,ACTIVE,,,,,N/A,No Operating Restrictions found,No Active Disciplinary Action found,No Disciplinary History found.,No Active Holds found,No Escrow found,47-224960,,N/A,,George's Bar & Grill,https://georgesbarandgrill.com/,  bar |   restaurant |   food |   point_of_interest |   establishment,OPERATIONAL,P40,Y,1,GEORGES BAR & GRILL,6680 N BLACKSTONE AVE   FRESNO  CA  93710,+1 559-436-1654,47 - ON-SALE GENERAL EATING PLACE,KOROYAN  ARTHUR,GEORGES BAR & GRILL,6680 N BLACKSTONE AVE,,FRESNO,CA,93710,https://www.yelp.nl/biz/burger-king-fresno-15,Burger King,(559) 492-2985,https://burgerking.com,1.1,True,True
115,460770,,,,,,,,,,,,,,,,,,,,,,,,,,,,,,,,,,,,,,,,,,,,,,False,False
116,111763,LOBUE  LAWRENCE M,25 - SAN JOSE,SANTA TERESA GOLF CLUB,260 BERNAL RD   SAN JOSE  CA  95119,SANTA CLARA,5119.11,MCENERY  JOHN P III| LOBUE  VICTOR J JR| RAWITSER  MICHAEL| STAEDLER  RUDY| LOBUE  LAWRENCE M,ACTIVE,,,,,23824 CITY/COUNTY OWNED PROPERTY  PERS-PERS ONLY,No Operating Restrictions found,No Active Disciplinary Action found,No Disciplinary History found.,No Active Holds found,No Escrow found,N/A,,N/A,,Santa Teresa Golf Club,http://www.santateresagolf.com/,  point_of_interest |   establishment,OPERATIONAL,P0,Y,1,SANTA TERESA GOLF CLUB,260 BERNAL RD   SAN JOSE  CA  95119,+1 408-225-2650,47 - ON-SALE GENERAL EATING PLACE,LOBUE  LAWRENCE M,SANTA TERESA GOLF CLUB,260 BERNAL RD,,SAN JOSE,CA,95119,https://www.yelp.nl/biz/santa-teresa-golf-club-san-jose-5?osq=SANTA+TERESA+GOLF+CLUB,Santa Teresa Golf Club,(408) 225-2650,https://santateresagolf.com,3.1,True,True
117,434270,,,,,,,,,,,,,,,,,,,,,,,,,,,,,,,,,,,,,,,,,,,,,,False,False
118,421031,GLENEAGLES GOLF PARTNERS L-PSHIP,24 - SAN FRANCISCO,GLENEAGLES GC AT MCLAREN PARK,2100 SUNNYDALE AVE   SAN FRANCISCO  CA  94134,SAN FRANCISCO,9805.01,GLENEAGLES GOLF PARTNERS L-PSHIP,ACTIVE,,,,,23824 CITY/COUNTY OWNED PROPERTY  PERS-PERS ONLY,No Operating Restrictions found,No Active Disciplinary Action found,No Disciplinary History found.,No Active Holds found,No Escrow found,47-123471,,N/A,,Gleneagles GC at McLaren Park,http://www.gleneaglesgolfsf.com/,  point_of_interest |   establishment,OPERATIONAL,P40,Y,1,GLENEAGLES GC AT MCLAREN PARK,2100 SUNNYDALE AVE   SAN FRANCISCO  CA  94134,+1 415-587-2425,47 - ON-SALE GENERAL EATING PLACE,GLENEAGLES GOLF PARTNERS L-PSHIP,GLENEAGLES GC AT MCLAREN PARK,2100 SUNNYDALE AVE,,SAN FRANCISCO,CA,94134-2614,,,,,,True,True
119,151565,ELIOPOULOS  GUS,22 - CONCORD,ELIOS L RESTAURANT,260 FLORESTA BLVD   SAN LEANDRO  CA  94578,ALAMEDA,4332.00,ELIOPOULOS  GUS| ELIOPOULOS  LEFTY,ACTIVE,,,,,N/A,No Operating Restrictions found,No Active Disciplinary Action found,No Disciplinary History found.,No Active Holds found,No Escrow found,N/A,,N/A,,Elios Family Restaurant,http://eliosdining.com/,  restaurant |   food |   point_of_interest |   establishment,OPERATIONAL,P40,Y,1,ELIOS L RESTAURANT,260 FLORESTA BLVD   SAN LEANDRO  CA  94578,+1 510-351-0463,47 - ON-SALE GENERAL EATING PLACE,ELIOPOULOS  GUS,ELIOS L RESTAURANT,260 FLORESTA BLVD,,SAN LEANDRO,CA,94578,,,,,,True,True
120,386741,GOLDEN STATE CONCESSIONS AND CATERING INC,07 - RIVERSIDE,LAKE ELSINORE DIAMOND,500 DIAMOND DR   LAKE ELSINORE  CA  92530,RIVERSIDE,430.01,GOLDEN STATE CONCESSIONS AND CATERING INC,ACTIVE,,,,,23824 CITY/COUNTY OWNED PROPERTY  PERS-PERS ONLY,*Operating Restrictions exist. For more information  please see our Guidelines for Access to Records.,No Active Disciplinary Action found,No Disciplinary History found.,No Active Holds found,No Escrow found,47-351888,,N/A,,Diamond Stadium of Lake Elsinore,https://www.milb.com/lake-elsinore,  stadium |   point_of_interest |   establishment,OPERATIONAL,P40,Y,1,LAKE ELSINORE DIAMOND,500 DIAMOND DR   LAKE ELSINORE  CA  92530,+1 951-245-4487,47 - ON-SALE GENERAL EATING PLACE,GOLDEN STATE CONCESSIONS AND CATERING INC,LAKE ELSINORE DIAMOND,500 DIAMOND DR,,LAKE ELSINORE,CA,92530-4457,https://www.yelp.nl/biz/lake-elsinore-storm-lake-elsinore-2?osq=LAKE+ELSINORE+DIAMOND,Lake Elsinore Storm,(951) 245-4487,https://stormbaseball.com,3.9,True,True
121,473085,DIVISADERO 500 LLC,24 - SAN FRANCISCO,MADRONE ART BAR,500 DIVISADERO ST   SAN FRANCISCO  CA  94117,SAN FRANCISCO,164.00,DIVISADERO 500 LLC,ACTIVE,,,,,N/A,Except as provided in Condition #2 below  no noise shall be audible beyond the area under the control of the licensee  as depicted on the most recently certified ABC-257. Any noise caused by entertainment or amplified sound that is subject to the provisions of an active Entertainment Permit issued by the San Francisco Entertainment Commission shall be authorized in accordance with the limits established by that Entertainment Permit  including any limitation on hours during which entertainment or amplified sound is permitted. A violation of the entertainment or amplified sound noise conditions of the Entertainment Permit  as determined by the San Francisco Entertainment Commission (or any successor agency)  shall be deemed to be a violation of this Condition. Any noise that is not subject to  or is beyond the scope of  the Entertainment Permit shall be subject to Condition #1 above. �Entertainment Permit� means any of the following: a Just Add Music permit  a Limited Live Performance permit  a Place of Entertainment permit  a Fixed Place Amplified Sound permit  or any similar such permit issued by the San Francisco Entertainment Commission. When there is live entertainment  the petitioner(s) shall provide security personnel after 9:00 p.m. on Fridays and Saturdays.  Said personnel shall maintain order therein; and prevent any activity that would interfere with the quiet enjoyment of their property by nearby residents.  Said personnel shall be clothed in such a manner as to be readily identifiable as security.,No Active Disciplinary Action found,No Disciplinary History found.,No Active Holds found,No Escrow found,48-401324,,N/A,,Madrone Art Bar,http://www.madroneartbar.com/,  bar |   night_club |   point_of_interest |   establishment,OPERATIONAL,P40,Y,1,MADRONE ART BAR,500 DIVISADERO ST   SAN FRANCISCO  CA  94117,+1 415-241-0202,48 - ON-SALE GENERAL PUBLIC PREMISES,DIVISADERO 500 LLC,MADRONE ART BAR,500 DIVISADERO ST,,SAN FRANCISCO,CA,94117-2213,https://www.yelp.nl/biz/madrone-art-bar-san-francisco?osq=MADRONE+ART+BAR,Madrone Art Bar,(415) 241-0202,https://madroneartbar.com,3.6,True,True
122,120063,,,,,,,,,,,,,,,,,,,,,,,,,,,,,,,,,,,,,,,,,,,,,,False,False
123,408401,,,,,,,,,,,,,,,,,,,,,,,,,,,,,,,,,,,,,,,,,,,,,,False,False
124,457298,DERBY RESTAURANT ARCADIA INC,02 - MONROVIA,DERBY RESTAURANT,233 E HUNTINGTON DR   ARCADIA  CA  91006,LOS ANGELES,4308.01,DERBY RESTAURANT ARCADIA INC,ACTIVE,,,,,N/A,*Operating Restrictions exist. For more information  please see our Guidelines for Access to Records.,No Active Disciplinary Action found,No Disciplinary History found.,No Active Holds found,No Escrow found,47-252109,,N/A,,The Derby,https://www.thederbyarcadia.com/,  restaurant |   food |   point_of_interest |   establishment,OPERATIONAL,P40,Y,1,DERBY RESTAURANT,233 E HUNTINGTON DR   ARCADIA  CA  91006,+1 626-447-2430,47 - ON-SALE GENERAL EATING PLACE,DERBY RESTAURANT ARCADIA INC,DERBY RESTAURANT,233 E HUNTINGTON DR,,ARCADIA,CA,91006-3745,https://www.yelp.nl/biz/the-derby-arcadia?osq=DERBY+RESTAURANT,The Derby,(626) 631-2516,https://thederbyarcadia.com,4.3,True,True
125,322889,CAPO L-PSHIP,03 - LB/LAKEWOOD,CAPO,1810 OCEAN AVE   SANTA MONICA  CA  90401,LOS ANGELES,7019.02,CAPO L-PSHIP,ACTIVE,,,,,N/A,*Operating Restrictions exist. For more information  please see our Guidelines for Access to Records.,No Active Disciplinary Action found,No Disciplinary History found.,No Active Holds found,No Escrow found,47-271111,,N/A,,Capo,http://www.caporestaurant.com/,  bar |   restaurant |   food |   point_of_interest |   establishment,OPERATIONAL,P40,Y,1,CAPO,1810 OCEAN AVE   SANTA MONICA  CA  90401,+1 310-394-5550,47 - ON-SALE GENERAL EATING PLACE,CAPO L-PSHIP,CAPO,1810 OCEAN AVE,,SANTA MONICA,CA,90401,https://www.yelp.nl/biz/capo-santa-monica?osq=CAPO,Capo,(310) 394-5550,https://caporestaurant.com,3.9,True,True
126,340125,THREE GROUP INC,04 - LA/METRO,CRAZY GIRLS,1433 N LA BREA AVE   LOS ANGELES  CA  90028,LOS ANGELES,1899.06,THREE GROUP INC,DEPARTMENT REVOKED,,,,,N/A,*Operating Restrictions exist. For more information  please see our Guidelines for Access to Records.,No Active Disciplinary Action found,Reg. Number:        21091400        Section:CCR 4  1  143.2(3)/ CCR 143.3(1)(A)(C)Section:PC 647(B)Section:23804Section:CCR 4  1  143Section:HSC 11350Section:11362.3(A)(1)             Proceeding Status:            CLOSED                    Decision:            REVOKED                        Suspension Start Date:            26-SEP-2024,No Active Holds found,No Escrow found,48-176017,,N/A,,Crazy Girls,https://crazygirlshollywood.club/,  night_club |   point_of_interest |   establishment,OPERATIONAL,P40,Y,1,CRAZY GIRLS,1433 N LA BREA AVE   LOS ANGELES  CA  90028,+1 818-441-2869,48 - ON-SALE GENERAL PUBLIC PREMISES,THREE GROUP INC,CRAZY GIRLS,1433 N LA BREA AVE,,LOS ANGELES,CA,90028,https://www.yelp.nl/biz/crazy-girls-los-angeles-3?osq=CRAZY+GIRLS,Crazy Girls,(213) 687-4244,https://crazygirlshollywood.club,3.6,True,True
127,480103,,,,,,,,,,,,,,,,,,,,,,,,,,,,,,,,,,,,,,,,,,,,,,False,False
128,465565,CARRANCO  JOSE E,27 - SANTA ROSA,LAGUNA,15204 LAKESHORE DR # 3  CLEARLAKE  CA  95422,LAKE,8.02,DECARRANCO  ARCELIA RINCON| CARRANCO  JOSE E,ACTIVE,,,,,N/A,No Operating Restrictions found,No Active Disciplinary Action found,Reg. Number:        10072406        Section:23402Section:24200(a&b)            Proceeding Status:            CLOSED                    Decision:            POIC                        Suspension Days:            15,No Active Holds found,No Escrow found,47-370703,,N/A,,15204 Lakeshore Dr #3,,  subpremise,,P0,Y,1,LAGUNA,15204 LAKESHORE DR # 3  CLEARLAKE  CA  95422,,47 - ON-SALE GENERAL EATING PLACE,CARRANCO  JOSE E,LAGUNA,15204 LAKESHORE DR,# 3,CLEARLAKE,CA,95422-8107,https://www.yelp.nl/biz/pine-dell-resort-and-store-clearlake?osq=LAGUNA,Pine Dell Resort & Store,(707) 994-2227,https://pinedellrvpark.com,3.8,True,True
129,376502,GLOBAL INVESTMENTS & INTERNATIONAL HOLDING LLC,02 - MONROVIA,MONTANAS,657 W ARROW HWY   SAN DIMAS  CA  91773,LOS ANGELES,4013.11,GLOBAL INVESTMENTS & INTERNATIONAL HOLDING LLC,ACTIVE,,,,,N/A,*Operating Restrictions exist. For more information  please see our Guidelines for Access to Records.,No Active Disciplinary Action found,No Disciplinary History found.,No Active Holds found,No Escrow found,48-212512,,N/A,,Montana's,http://www.montanas-countrynightclub.com/,  night_club |   bar |   point_of_interest |   establishment,OPERATIONAL,P20,Y,1,MONTANAS,657 W ARROW HWY   SAN DIMAS  CA  91773,+1 909-592-2211,48 - ON-SALE GENERAL PUBLIC PREMISES,GLOBAL INVESTMENTS & INTERNATIONAL HOLDING LLC,MONTANAS,657 W ARROW HWY,,SAN DIMAS,CA,91773,https://www.yelp.nl/biz/montanas-country-night-club-san-dimas?osq=MONTANAS,Montana's Country Night Club,(909) 592-2211,https://montanas-countrynightclub.com,3.1,True,True
130,270920,MASADA  JAMIE CHAIM,04 - LA/METRO,LAUGH FACTORY,8001 W SUNSET BLVD   WEST HOLLYWOOD  CA  90046,LOS ANGELES,1898.01,MASADA  JAMIE CHAIM,ACTIVE,,,,,N/A,*Operating Restrictions exist. For more information  please see our Guidelines for Access to Records.,No Active Disciplinary Action found,No Disciplinary History found.,No Active Holds found,No Escrow found,N/A,,N/A,,Laugh Factory,http://www.laughfactory.com/,  bar |   night_club |   point_of_interest |   establishment,OPERATIONAL,P20,Y,1,LAUGH FACTORY,8001 W SUNSET BLVD   WEST HOLLYWOOD  CA  90046,+1 323-656-1336,47 - ON-SALE GENERAL EATING PLACE,MASADA  JAMIE CHAIM,LAUGH FACTORY,8001 W SUNSET BLVD,,WEST HOLLYWOOD,CA,90046,https://www.yelp.nl/biz/chocolate-sundaes-comedy-show-west-hollywood?osq=LAUGH+FACTORY,Chocolate Sundaes Comedy Show,(424) 248-9325,https://chocolatesundaes.com,4.3,True,True
131,282417,,,,,,,,,,,,,,,,,,,,,,,,,,,,,,,,,,,,,,,,,,,,,,False,False
132,60586,HASSAL INC,04 - LA/METRO,FUBAR,7994 SANTA MONICA BLVD   WEST HOLLYWOOD  CA  90046,LOS ANGELES,7002.00,HASSAL INC,AUTO REVOKED,,,,,N/A,*Operating Restrictions exist. For more information  please see our Guidelines for Access to Records.,No Active Disciplinary Action found,No Disciplinary History found.,Hold Type:                    FRANCHISE TAX HOLD                    Hold Date:                    25-JAN-2008                                        Hold Type:                    BOARD OF EQUALIZATION HOLD                    Hold Date:                    12-APR-2018,No Escrow found,N/A,,48-607888,,Fubar,,  bar |   point_of_interest |   establishment,CLOSED_PERMANENTLY,P20,Y,1,FUBAR,7994 SANTA MONICA BLVD   WEST HOLLYWOOD  CA  90046,+1 323-654-0396,48 - ON-SALE GENERAL PUBLIC PREMISES,HASSAL INC,FUBAR,7994 SANTA MONICA BLVD,,WEST HOLLYWOOD,CA,90046-5109,,,,,,True,True
133,111923,MARTINEZ  RUTH,29 - LODI,EL RANCHITO INC,3048 ATCHISON ST   RIVERBANK  CA  95367,STANISLAUS,3.01,TINAJERO  ANA| TINAJERO  GEORGE| MARTINEZ  RUTH| TINAJERO  CARLOS,ACTIVE,,,,,N/A,No Operating Restrictions found,No Active Disciplinary Action found,No Disciplinary History found.,No Active Holds found,No Escrow found,N/A,,N/A,,El Ranchito,,  restaurant |   food |   point_of_interest |   establishment,OPERATIONAL,P20,Y,1,EL RANCHITO INC,3048 ATCHISON ST   RIVERBANK  CA  95367,+1 209-869-0196,47 - ON-SALE GENERAL EATING PLACE,MARTINEZ  RUTH,EL RANCHITO INC,3048 ATCHISON ST,,RIVERBANK,CA,95367,,,,,,True,True
134,442329,,,,,,,,,,,,,,,,,,,,,,,,,,,,,,,,,,,,,,,,,,,,,,False,False
135,253112,MIAO  HSIAO YEN,21 - FRESNO,FU HAI RESTAURANT,1704 E BELMONT AVE   FRESNO  CA  93701,FRESNO,6.02,MIAO  TIEN YUNG| MIAO  HSIAO YEN,ACTIVE,,,,,N/A,No Operating Restrictions found,No Active Disciplinary Action found,Reg. Number:        98042305        Section:23402Section:24200(a&b)            Proceeding Status:            CLOSED                    Decision:            SUSPEND                        Suspension Days:            10                        Stayed Days:            0                        Suspension Start Date:            17-FEB-1998                        Suspension End Date:            26-FEB-1998,No Active Holds found,No Escrow found,N/A,,48-631842,,Fu Hai Restaurant,,  restaurant |   food |   point_of_interest |   establishment,CLOSED_PERMANENTLY,P40,Y,1,FU HAI RESTAURANT,1704 E BELMONT AVE   FRESNO  CA  93701,+1 559-233-7797,47 - ON-SALE GENERAL EATING PLACE,MIAO  HSIAO YEN,FU HAI RESTAURANT,1704 E BELMONT AVE,,FRESNO,CA,93701,https://www.yelp.nl/biz/fu-hai-restaurant-fresno?osq=FU+HAI+RESTAURANT,Fu Hai Restaurant,(559) 233-7797,not url,Restaurants,True,True
136,397085,,,,,,,,,,,,,,,,,,,,,,,,,,,,,,,,,,,,,,,,,,,,,,False,False
137,400007,,,,,,,,,,,,,,,,,,,,,,,,,,,,,,,,,,,,,,,,,,,,,,False,False
138,258498,BERGER  CHERYL,22 - CONCORD,CLARION SUITES LAKE MERRITT HOTEL,1800 MADISON ST   OAKLAND  CA  94612,ALAMEDA,4034.01,BERGER  RANDALL| BERGER  CHERYL,ACTIVE,,,,,N/A,*Operating Restrictions exist. For more information  please see our Guidelines for Access to Records.,No Active Disciplinary Action found,No Disciplinary History found.,No Active Holds found,No Escrow found,N/A,,N/A,,The Lake Merritt Apartments,http://www.thelakemerrittapts.com/,  point_of_interest |   establishment,OPERATIONAL,P40,Y,1,CLARION SUITES LAKE MERRITT HOTEL,1800 MADISON ST   OAKLAND  CA  94612,+1 510-603-5733,47 - ON-SALE GENERAL EATING PLACE,BERGER  CHERYL,CLARION SUITES LAKE MERRITT HOTEL,1800 MADISON ST,,OAKLAND,CA,94612,,,,,,True,True
139,395187,CORRENTI BOYS INC,24 - SAN FRANCISCO,TRATTORIA CONTADINA RESTAURANT,1800 MASON ST   SAN FRANCISCO  CA  94133,SAN FRANCISCO,107.02,CORRENTI BOYS INC,ACTIVE,,,,,N/A,*Operating Restrictions exist. For more information  please see our Guidelines for Access to Records.,No Active Disciplinary Action found,No Disciplinary History found.,Hold Type:                    BOARD OF EQUALIZATION HOLD                    Hold Date:                    29-DEC-2020,No Escrow found,47-404307,,N/A,,Trattoria Contadina,http://www.trattoriacontadina.com/,  bar |   restaurant |   food |   point_of_interest |   establishment,OPERATIONAL,P40,Y,1,TRATTORIA CONTADINA RESTAURANT,1800 MASON ST   SAN FRANCISCO  CA  94133,+1 415-982-5728,47 - ON-SALE GENERAL EATING PLACE,CORRENTI BOYS INC,TRATTORIA CONTADINA RESTAURANT,1800 MASON ST,,SAN FRANCISCO,CA,94133-2711,https://www.yelp.nl/biz/trattoria-contadina-san-francisco?osq=TRATTORIA+CONTADINA+RESTAURANT,Trattoria Contadina,(415) 982-5728,https://trattoriacontadina.com,4.2,True,True
140,330059,,,,,,,,,,,,,,,,,,,,,,,,,,,,,,,,,,,,,,,,,,,,,,False,False
141,456082,PLATA ENTERTAINMENT LLC,04 - LA/METRO,BACKROOM THE,8788 W SUNSET BLVD   WEST HOLLYWOOD  CA  90069,LOS ANGELES,7005.02,PLATA ENTERTAINMENT LLC,ACTIVE,,,,,N/A,*Operating Restrictions exist. For more information  please see our Guidelines for Access to Records.,No Active Disciplinary Action found,No Disciplinary History found.,No Active Holds found,No Escrow found,47-433603,,N/A,,The Backroom,https://statesocialhouse.com/,  bar |   restaurant |   food |   point_of_interest |   store |   establishment,OPERATIONAL,P20,Y,1,BACKROOM THE,8788 W SUNSET BLVD   WEST HOLLYWOOD  CA  90069,+1 310-657-8100,47 - ON-SALE GENERAL EATING PLACE,PLATA ENTERTAINMENT LLC,BACKROOM THE,8788 W SUNSET BLVD,,WEST HOLLYWOOD,CA,90069-2206,https://www.yelp.nl/biz/state-social-house-west-hollywood-2?osq=BACKROOM+THE,State Social House,(310) 657-8100,https://statesocialhouse.com,3.6,True,True
142,351053,VARUJ LLC,11 - SANTA ANA,BAYSIDE RESTAURANT,900 BAYSIDE DR   NEWPORT BEACH  CA  92660,ORANGE,630.04,VARUJ LLC,ACTIVE,,,,,N/A,*Operating Restrictions exist. For more information  please see our Guidelines for Access to Records.,No Active Disciplinary Action found,No Disciplinary History found.,No Active Holds found,No Escrow found,47-339223,,N/A,,Bayside Restaurant,https://www.baysiderestaurant.com/,  restaurant |   bar |   food |   point_of_interest |   establishment,OPERATIONAL,P40,Y,1,BAYSIDE RESTAURANT,900 BAYSIDE DR   NEWPORT BEACH  CA  92660,+1 949-721-1222,47 - ON-SALE GENERAL EATING PLACE,VARUJ LLC,BAYSIDE RESTAURANT,900 BAYSIDE DR,,NEWPORT BEACH,CA,92660,https://www.yelp.nl/biz/bayside-restaurant-newport-beach-2?osq=BAYSIDE+RESTAURANT,Bayside Restaurant,(949) 721-1222,https://baysiderestaurant.com,3.7,True,True
143,247316,,,,,,,,,,,,,,,,,,,,,,,,,,,,,,,,,,,,,,,,,,,,,,False,False
144,45344,MI CASA COSTA MESA INC,11 - SANTA ANA,MI CASA MEXICAN RESTAURANT,296 E 17TH ST   COSTA MESA  CA  92627,ORANGE,633.01,MI CASA COSTA MESA INC,ACTIVE,,,,,N/A,No Operating Restrictions found,No Active Disciplinary Action found,No Disciplinary History found.,No Active Holds found,No Escrow found,N/A,,N/A,,Mi Casa,https://www.micasa1.com/,  restaurant |   food |   point_of_interest |   establishment,OPERATIONAL,P40,Y,1,MI CASA MEXICAN RESTAURANT,296 E 17TH ST   COSTA MESA  CA  92627,+1 949-645-7626,47 - ON-SALE GENERAL EATING PLACE,MI CASA COSTA MESA INC,MI CASA MEXICAN RESTAURANT,296 E 17TH ST,,COSTA MESA,CA,92627,https://www.yelp.nl/biz/playa-mesa-costa-mesa,Playa Mesa,(949) 287-5292,https://playamesa.com,4.4,True,True
145,428062,ALLEN  HYE KYUNG,22 - CONCORD,YOSHINO SUSHI RESTAURANT,296 HEGENBERGER RD   OAKLAND  CA  94621,ALAMEDA,4090.00,KIM  JOSEPH| ALLEN  HYE KYUNG,ACTIVE,,,,,N/A,No Operating Restrictions found,No Active Disciplinary Action found,No Disciplinary History found.,Hold Type:                    FRANCHISE TAX HOLD                    Hold Date:                    28-NOV-2016,No Escrow found,N/A,,N/A,,Yoshino Sushi,,  night_club |   bar |   restaurant |   food |   point_of_interest |   establishment,CLOSED_TEMPORARILY,P40,Y,1,YOSHINO SUSHI RESTAURANT,296 HEGENBERGER RD   OAKLAND  CA  94621,+1 510-430-2552,47 - ON-SALE GENERAL EATING PLACE,ALLEN  HYE KYUNG,YOSHINO SUSHI RESTAURANT,296 HEGENBERGER RD,,OAKLAND,CA,94621,https://www.yelp.nl/biz/yoshino-sushi-oakland?osq=YOSHINO+SUSHI+RESTAURANT,Yoshino Sushi,(510) 430-2552,not url,3,True,True
146,319982,PEEL  F GERALD,12 - VENTURA,CROWN & ANCHOR,2889-91 E THOUSAND OAKS BLVD   THOUSAND OAKS  CA  91362,VENTURA,71.00,PEEL  MARGARET W| PEEL  F GERALD,ACTIVE,,,,,N/A,No Operating Restrictions found,No Active Disciplinary Action found,Reg. Number:        00049513        Section:25658(a)Section:24200(a)            Proceeding Status:            CLOSED                    Decision:            POIC                        Suspension Days:            15                        POIC/Fine:            3000,No Active Holds found,No Escrow found,47-292707,,N/A,,2889 E Thousand Oaks Blvd,,  street_address,,P40,Y,1,CROWN & ANCHOR,2889-91 E THOUSAND OAKS BLVD   THOUSAND OAKS  CA  91362,,47 - ON-SALE GENERAL EATING PLACE,PEEL  F GERALD,CROWN & ANCHOR,2889-91 E THOUSAND OAKS BLVD,,THOUSAND OAKS,CA,91362,,,,,,True,True
147,481256,CASA GRANDE EVENTS LLC,04 - LA/METRO,PARAMOUNT THE,2706-08 CESAR E CHAVEZ AVE   LOS ANGELES  CA  90033,LOS ANGELES,2042.00,CASA GRANDE EVENTS LLC,ACTIVE,,,,,INTERCOUNTY PRIORITIES  NO SALE 5 YEARS,*Operating Restrictions exist. For more information  please see our Guidelines for Access to Records.,No Active Disciplinary Action found,No Disciplinary History found.,Hold Type:                    BOARD OF EQUALIZATION HOLD                    Hold Date:                    17-NOV-2021,No Escrow found,47-430868,,N/A,,The Paramount,http://www.paramountla.com/,  night_club |   bar |   restaurant |   food |   point_of_interest |   establishment,OPERATIONAL,P40,Y,1,PARAMOUNT THE,2706-08 CESAR E CHAVEZ AVE   LOS ANGELES  CA  90033,+1 323-262-9300,47 - ON-SALE GENERAL EATING PLACE,CASA GRANDE EVENTS LLC,PARAMOUNT THE,2706-08 CESAR E CHAVEZ AVE,,LOS ANGELES,CA,90033-3106,https://www.yelp.nl/biz/the-paramount-los-angeles?osq=PARAMOUNT+THE,The Paramount,(323) 262-9300,https://paramountla.com,4.1,True,True
148,428045,,,,,,,,,,,,,,,,,,,,,,,,,,,,,,,,,,,,,,,,,,,,,,False,False
149,437887,CLAREMONT STAR L-PSHIP,02 - MONROVIA,DOUBLE TREE HOTEL OF CLAREMONT,415-555 W FOOTHILL BLVD   CLAREMONT  CA  91711,LOS ANGELES,4018.02,CLAREMONT STAR L-PSHIP,ACTIVE,,,,,N/A,No Operating Restrictions found,No Active Disciplinary Action found,Reg. Number:        09071504        Section:25658(a)Section:24200(a&b)            Proceeding Status:            CLOSED                    Decision:            POIC                        Suspension Days:            15                        POIC/Fine:            3000,No Active Holds found,No Escrow found,48-392344,,N/A,,DoubleTree by Hilton Hotel Claremont,https://www.hilton.com/en/hotels/ontcldt-doubletree-claremont/?SEO_id=GMB-AMER-DT-ONTCLDT&y_source=1_MTM3MjY3NS03MTUtbG9jYXRpb24ud2Vic2l0ZQ%3D%3D,  lodging |   point_of_interest |   establishment,OPERATIONAL,P20,Y,1,DOUBLE TREE HOTEL OF CLAREMONT,415-555 W FOOTHILL BLVD   CLAREMONT  CA  91711,+1 909-626-2411,47 - ON-SALE GENERAL EATING PLACE,CLAREMONT STAR L-PSHIP,DOUBLE TREE HOTEL OF CLAREMONT,415-555 W FOOTHILL BLVD,,CLAREMONT,CA,91711-2766,https://www.yelp.nl/biz/doubletree-by-hilton-hotel-claremont-claremont?osq=DOUBLE+TREE+HOTEL+OF+CLAREMONT,DoubleTree by Hilton Hotel Claremont,(909) 626-2411,https://hilton.com,3.4,True,True
150,352352,NORTH END ENTERTAINMENT LLC,03 - LB/LAKEWOOD,NORTH END BAR AND GRILL,2626 HERMOSA AVE   HERMOSA BEACH  CA  90254,LOS ANGELES,6210.05,NORTH END ENTERTAINMENT LLC,ACTIVE,,,,,N/A,*Operating Restrictions exist. For more information  please see our Guidelines for Access to Records.,No Active Disciplinary Action found,Reg. Number:        08068861        Section:25658(a)Section:24200(a&b)            Proceeding Status:            CLOSED                    Decision:            POIC                        Suspension Days:            15                        POIC/Fine:            3000,No Active Holds found,No Escrow found,47-330339,,N/A,,North End Bar & Grill,http://www.northendbar.com/,  bar |   restaurant |   food |   point_of_interest |   establishment,OPERATIONAL,P0,Y,1,NORTH END BAR AND GRILL,2626 HERMOSA AVE   HERMOSA BEACH  CA  90254,+1 310-379-5379,47 - ON-SALE GENERAL EATING PLACE,NORTH END ENTERTAINMENT LLC,NORTH END BAR AND GRILL,2626 HERMOSA AVE,,HERMOSA BEACH,CA,90254,https://www.yelp.nl/biz/north-end-bar-and-grill-hermosa-beach?osq=NORTH+END+BAR+AND+GRILL,North End Bar & Grill,(310) 379-5379,https://northendbar.com,4,True,True
151,444199,KAMBO  JAGDEEP SINGH,10 - SAN DIEGO,ROYAL INDIA,329 MARKET ST   SAN DIEGO  CA  92101,SAN DIEGO,54.03,KAMBO  JAGDEEP SINGH| KAMBO  SANDEEP SINGH,ACTIVE,,,,,N/A,*Operating Restrictions exist. For more information  please see our Guidelines for Access to Records.,No Active Disciplinary Action found,No Disciplinary History found.,No Active Holds found,No Escrow found,47-399498,,N/A,,Royal India - San Diego,http://www.royalindia.com/,  restaurant |   food |   point_of_interest |   establishment,OPERATIONAL,P40,Y,1,ROYAL INDIA,329 MARKET ST   SAN DIEGO  CA  92101,+1 619-269-9999,47 - ON-SALE GENERAL EATING PLACE,KAMBO  JAGDEEP SINGH,ROYAL INDIA,329 MARKET ST,,SAN DIEGO,CA,92101,,,,,,True,True
152,370628,STERLING  LANCE,05 - VAN NUYS,CANYON CLUB,28912 ROADSIDE DR   AGOURA HILLS  CA  91301,LOS ANGELES,8003.36,STERLING  LANCE,ACTIVE,,,,,N/A,*Operating Restrictions exist. For more information  please see our Guidelines for Access to Records.,No Active Disciplinary Action found,No Disciplinary History found.,Hold Type:                    FRANCHISE TAX HOLD                    Hold Date:                    18-DEC-2017,No Escrow found,47-304417,,47-588313  47-588315,,The Canyon - Agoura Hills,http://wheremusicmeetsthesoul.com/canyon-agoura-hills/,  night_club |   restaurant |   food |   point_of_interest |   establishment,OPERATIONAL,P0,Y,1,CANYON CLUB,28912 ROADSIDE DR   AGOURA HILLS  CA  91301,+1 888-645-5006,47 - ON-SALE GENERAL EATING PLACE,STERLING  LANCE,CANYON CLUB,28912 ROADSIDE DR,,AGOURA HILLS,CA,91301-3304,https://www.yelp.nl/biz/the-canyon-agoura-hills-agoura-hills?osq=CANYON+CLUB,The Canyon Agoura Hills,(888) 645-5006,https://wheremusicmeetsthesoul.com,2.5,True,True
153,329427,ANDERSON  ALMA L,22 - CONCORD,OAK DOOR INC.,3062 PACIFIC AVE   LIVERMORE  CA  94550,ALAMEDA,4515.01,ANDERSON  ALMA L,ACTIVE,,,,,N/A,No Operating Restrictions found,No Active Disciplinary Action found,Reg. Number:        16083892        Section:25658(A)            Proceeding Status:            CLOSED                    Decision:            ALL STAYED                        Suspension Days:            10                        Stayed Days:            10,No Active Holds found,No Escrow found,48-260498,,N/A,,The Oak Door,https://www.yellowpages.com/livermore-ca/mip/the-oak-door-4526701,  bar |   point_of_interest |   establishment,OPERATIONAL,P40,Y,1,OAK DOOR INC.,3062 PACIFIC AVE   LIVERMORE  CA  94550,,48 - ON-SALE GENERAL PUBLIC PREMISES,ANDERSON  ALMA L,OAK DOOR INC.,3062 PACIFIC AVE,,LIVERMORE,CA,94550,,,,,,True,True
154,470028,CARVER DEAN LLC,25 - SAN JOSE,ORCHID ROOM,678 LAUREL ST   SAN CARLOS  CA  94070,SAN MATEO,6092.02,CARVER DEAN LLC,ACTIVE,,,,,N/A,No Operating Restrictions found,No Active Disciplinary Action found,No Disciplinary History found.,No Active Holds found,No Escrow found,48-392118,,N/A,,Orchid Room,https://www.facebook.com/pages/Orchid-Room/532029286959670,  bar |   point_of_interest |   establishment,OPERATIONAL,P20,Y,1,ORCHID ROOM,678 LAUREL ST   SAN CARLOS  CA  94070,+1 650-592-7696,48 - ON-SALE GENERAL PUBLIC PREMISES,CARVER DEAN LLC,ORCHID ROOM,678 LAUREL ST,,SAN CARLOS,CA,94070-3112,https://www.yelp.nl/biz/orchid-room-san-carlos?osq=ORCHID+ROOM,Orchid Room,(650) 592-7696,not url,3.6,True,True
155,303904,LA CAPILLA INC,11 - SANTA ANA,LA CAPILLA 4,807 E ADAMS AVE   HUNTINGTON BEACH  CA  92648,ORANGE,993.05,LA CAPILLA INC,ACTIVE,,,,,CODE 8 - SELF-INCORPORATION - HISTORICAL VALUE,*Operating Restrictions exist. For more information  please see our Guidelines for Access to Records.,No Active Disciplinary Action found,Reg. Number:        01050284        Section:25658(a)Section:24200(a&b)            Proceeding Status:            CLOSED                    Decision:            POIC                        Suspension Days:            10                        POIC/Fine:            2249.88,No Active Holds found,No Escrow found,47-262239,,N/A,,La Capilla Mexican Restaurant,http://www.lacapillacantina.com/,  restaurant |   food |   point_of_interest |   establishment,OPERATIONAL,P40,Y,1,LA CAPILLA 4,807 E ADAMS AVE   HUNTINGTON BEACH  CA  92648,+1 714-374-0342,47 - ON-SALE GENERAL EATING PLACE,LA CAPILLA INC,LA CAPILLA 4,807 E ADAMS AVE,,HUNTINGTON BEACH,CA,92648,https://www.yelp.nl/biz/la-capilla-mexican-restaurant-huntington-beach?osq=LA+CAPILLA+4,La Capilla Mexican Restaurant,(714) 374-0342,not url,3.4,True,True
156,86153,LAW  TAT C,10 - SAN DIEGO,MANDARIN HOUSE OF LA JOLLA INC.,6765 LA JOLLA BLVD   LA JOLLA  CA  92037,SAN DIEGO,81.01,LAW  TAT C,ACTIVE,,,,,N/A,*Operating Restrictions exist. For more information  please see our Guidelines for Access to Records.,No Active Disciplinary Action found,No Disciplinary History found.,No Active Holds found,No Escrow found,N/A,,N/A,,Mandarin House,http://mandarinhouselj.com/,  meal_delivery |   bar |   restaurant |   food |   point_of_interest |   establishment,OPERATIONAL,P40,Y,1,MANDARIN HOUSE OF LA JOLLA INC.,6765 LA JOLLA BLVD   LA JOLLA  CA  92037,+1 858-454-2555,47 - ON-SALE GENERAL EATING PLACE,LAW  TAT C,MANDARIN HOUSE OF LA JOLLA INC.,6765 LA JOLLA BLVD,,LA JOLLA,CA,92037,,,,,,True,True
157,437166,PHOENIX IRISH BAR LLC THE,24 - SAN FRANCISCO,PHOENIX IRISH BAR AND RESTAURANT,811 VALENCIA ST   SAN FRANCISCO  CA  94110,SAN FRANCISCO,208.01,PHOENIX IRISH BAR LLC THE,ACTIVE,,,,,CODE 8 - SELF-INCORPORATION - HISTORICAL VALUE,*Operating Restrictions exist. For more information  please see our Guidelines for Access to Records.,No Active Disciplinary Action found,No Disciplinary History found.,Hold Type:                    BOARD OF EQUALIZATION HOLD                    Hold Date:                    03-SEP-2020,No Escrow found,47-415022,,N/A,,The Phoenix Irish Bar & Restaurant,,  bar |   restaurant |   food |   point_of_interest |   establishment,CLOSED_PERMANENTLY,P40,Y,1,PHOENIX IRISH BAR AND RESTAURANT,811 VALENCIA ST   SAN FRANCISCO  CA  94110,+1 415-695-1811,47 - ON-SALE GENERAL EATING PLACE,PHOENIX IRISH BAR LLC THE,PHOENIX IRISH BAR AND RESTAURANT,811 VALENCIA ST,,SAN FRANCISCO,CA,94110,,,,,,True,True
158,446781,SOLIS  ROBERT JR,27 - SANTA ROSA,PANCHAS OF YOUNTVILLE,6764 WASHINGTON ST   YOUNTVILLE  CA  94599,NAPA,2012.00,SOLIS  ROBERT JR,ACTIVE,,,,,N/A,*Operating Restrictions exist. For more information  please see our Guidelines for Access to Records.,No Active Disciplinary Action found,No Disciplinary History found.,No Active Holds found,No Escrow found,48-285379,,48-660624,,Pancha's Of Yountville,,  bar |   point_of_interest |   establishment,CLOSED_TEMPORARILY,P0,Y,1,PANCHAS OF YOUNTVILLE,6764 WASHINGTON ST   YOUNTVILLE  CA  94599,+1 707-944-2125,48 - ON-SALE GENERAL PUBLIC PREMISES,SOLIS  ROBERT JR,PANCHAS OF YOUNTVILLE,6764 WASHINGTON ST,,YOUNTVILLE,CA,94599-1304,,,,,,True,True
159,325737,PALM CANYON SPLASHS INC,08 - PALM DESERT,PALM CANYON SPLASHS,2800 S PALM CANYON DR   PALM SPRINGS  CA  92264,RIVERSIDE,9405.00,PALM CANYON SPLASHS INC,ACTIVE,,,,,N/A,*Operating Restrictions exist. For more information  please see our Guidelines for Access to Records.,No Active Disciplinary Action found,Reg. Number:        08067935        Section:25658 (a)Section:CCR 64.2 (b)(1)Section:24200 (a&b)            Proceeding Status:            CLOSED                    Decision:            REVOKED                        Suspension Days:            30                        Stayed Days:            730                        Suspension Start Date:            02-OCT-2008                        Suspension End Date:            01-NOV-2006,No Active Holds found,No Escrow found,47-307064,,N/A,,Hilton Vacation Club Palm Canyon Palm Springs,https://www.hilton.com/en/hotels/pspspgv-hilton-vacation-club-palm-canyon-palm-springs/?SEO_id=GMB-AMER-HH-PSPSPGV&y_source=1_MTA1MzUyOTUzNy03MTUtbG9jYXRpb24ud2Vic2l0ZQ%3D%3D,  lodging |   point_of_interest |   establishment,OPERATIONAL,P40,Y,1,PALM CANYON SPLASHS,2800 S PALM CANYON DR   PALM SPRINGS  CA  92264,+1 760-866-1800,47 - ON-SALE GENERAL EATING PLACE,PALM CANYON SPLASHS INC,PALM CANYON SPLASHS,2800 S PALM CANYON DR,,PALM SPRINGS,CA,92264,,,,,,True,True
160,395288,ARNOLDIS CAFE LLC,12 - VENTURA,ARNOLDIS CAFE,600 OLIVE ST   SANTA BARBARA  CA  93101,SANTA BARBARA,15.00,ARNOLDIS CAFE LLC,ACTIVE,,,,,N/A,No Operating Restrictions found,No Active Disciplinary Action found,No Disciplinary History found.,Hold Type:                    FRANCHISE TAX HOLD                    Hold Date:                    07-AUG-2024                                        Hold Type:                    BOARD OF EQUALIZATION HOLD                    Hold Date:                    05-MAR-2020,No Escrow found,47-319607,,47-661527,,Arnoldi's Cafe,http://arnoldis.com/,  restaurant |   food |   point_of_interest |   establishment,OPERATIONAL,P40,Y,1,ARNOLDIS CAFE,600 OLIVE ST   SANTA BARBARA  CA  93101,+1 805-962-5394,47 - ON-SALE GENERAL EATING PLACE,ARNOLDIS CAFE LLC,ARNOLDIS CAFE,600 OLIVE ST,,SANTA BARBARA,CA,93101-1627,https://www.yelp.nl/biz/arnoldi-s-cafe-santa-barbara?osq=ARNOLDIS+CAFE,Arnoldi�s Cafe,(805) 962-5394,https://arnoldis.com,4,True,True
161,455174,NINE O ONE LLC,04 - LA/METRO,901 BAR & GRILL,2902 S FIGUEROA ST   LOS ANGELES  CA  90007,LOS ANGELES,2247.02,NINE O ONE LLC,ACTIVE,,,,,N/A,*Operating Restrictions exist. For more information  please see our Guidelines for Access to Records.,No Active Disciplinary Action found,No Disciplinary History found.,No Active Holds found,No Escrow found,47-354868,,N/A,,901 Bar and Grill,,  bar |   restaurant |   food |   point_of_interest |   establishment,OPERATIONAL,P40,Y,1,901 BAR & GRILL,2902 S FIGUEROA ST   LOS ANGELES  CA  90007,+1 213-745-7900,47 - ON-SALE GENERAL EATING PLACE,NINE O ONE LLC,901 BAR & GRILL,2902 S FIGUEROA ST,,LOS ANGELES,CA,90007-3709,https://www.yelp.nl/biz/chick-fil-a-los-angeles-23,Chick-fil-A,(213) 624-2001,https://chick-fil-a.com,3,True,True
162,351732,OCEANSIDE BAJA LOBSTER GROUP INC,09 - SAN MARCOS,ROCKIN BAJA LOBSTER,258 HARBOR DR S   OCEANSIDE  CA  92054,SAN DIEGO,183.01,OCEANSIDE BAJA LOBSTER GROUP INC,ACTIVE,,,,,N/A,*Operating Restrictions exist. For more information  please see our Guidelines for Access to Records.,No Active Disciplinary Action found,No Disciplinary History found.,No Active Holds found,No Escrow found,47-321063,,N/A,,Rockin' Baja Lobster - Oceanside,http://rockinbaja.com/oceanside-harbor,  meal_delivery |   restaurant |   food |   point_of_interest |   establishment,OPERATIONAL,P40,Y,1,ROCKIN BAJA LOBSTER,258 HARBOR DR S   OCEANSIDE  CA  92054,+1 760-967-6199,47 - ON-SALE GENERAL EATING PLACE,OCEANSIDE BAJA LOBSTER GROUP INC,ROCKIN BAJA LOBSTER,258 HARBOR DR S,,OCEANSIDE,CA,92054,https://www.yelp.nl/biz/rockin-baja-lobster-oceanside-3?osq=ROCKIN+BAJA+LOBSTER,Rockin' Baja Lobster,(760) 967-6199,https://rockinbaja.com,3.8,True,True
163,476232,,,,,,,,,,,,,,,,,,,,,,,,,,,,,,,,,,,,,,,,,,,,,,False,False
164,197969,,,,,,,,,,,,,,,,,,,,,,,,,,,,,,,,,,,,,,,,,,,,,,False,False
165,282683,QUEENSWORTH LTD INC,11 - SANTA ANA,SWALLOWS INN,31786 CAMINO CAPISTRANO   SAN JUAN CAPISTRANO  CA  92675,ORANGE,423.12,QUEENSWORTH LTD INC,ACTIVE,,,,,N/A,"Signs shall be posted at all exits of the patio  as defined on the ABC-257  dated 05-03-23  stating  �NO ALCOHOLIC BEVERAGES BEYOND THIS POINT�. Said signs shall measure no less than 7� x 11�  and shall contain lettering no less than 1"" in size. No alcoholic beverages shall be consumed on any property adjacent to the licensed premises under the control of the licensee as depicted on the ABC-257 dated 05-03-23.",No Active Disciplinary Action found,Reg. Number:        95033439        Section:23300Section:24200(a&b)            Proceeding Status:            CLOSED                    Decision:            POIC                        Suspension Days:            15                        Stayed Days:            5                        POIC/Fine:            3000,No Active Holds found,No Escrow found,N/A,,N/A,,Swallow's Inn,http://swallowsinn.com/,  bar |   point_of_interest |   establishment,OPERATIONAL,P20,Y,1,SWALLOWS INN,31786 CAMINO CAPISTRANO   SAN JUAN CAPISTRANO  CA  92675,+1 949-493-3188,48 - ON-SALE GENERAL PUBLIC PREMISES,QUEENSWORTH LTD INC,SWALLOWS INN,31786 CAMINO CAPISTRANO,,SAN JUAN CAPISTRANO,CA,92675,https://www.yelp.nl/biz/swallows-inn-san-juan-capistrano?osq=SWALLOWS+INN,Swallows Inn,(949) 493-3188,https://swallowsinn.com,4,True,True
166,47656,BRANCH OFFICE INC,03 - LB/LAKEWOOD,BRANCH OFFICE,2320 TORRANCE BLVD   TORRANCE  CA  90501,LOS ANGELES,6509.01,BRANCH OFFICE INC,ACTIVE,,,,,N/A,No Operating Restrictions found,No Active Disciplinary Action found,Reg. Number:        21091366        Section:110545  110560  110620Section:23402Section:25176Section:24200(A)Section:25609            Proceeding Status:            CLOSED                    Decision:            POIC                        POIC/Fine:            3000,No Active Holds found,No Escrow found,N/A,,N/A,,The Branch Office,,  bar |   point_of_interest |   establishment,OPERATIONAL,P40,Y,1,BRANCH OFFICE,2320 TORRANCE BLVD   TORRANCE  CA  90501,,48 - ON-SALE GENERAL PUBLIC PREMISES,BRANCH OFFICE INC,BRANCH OFFICE,2320 TORRANCE BLVD,,TORRANCE,CA,90501,https://www.yelp.nl/biz/branch-office-torrance?osq=BRANCH+OFFICE,Branch Office,(310) 320-1440,not url,4,True,True
167,455014,RAUL CASTRO ENTERPRISES INC,21 - FRESNO,BURRITO KING,319-21 N GATEWAY DR   MADERA  CA  93637,MADERA,8.02,RAUL CASTRO ENTERPRISES INC,ACTIVE,,,,,N/A,No Operating Restrictions found,No Active Disciplinary Action found,No Disciplinary History found.,No Active Holds found,No Escrow found,47-15463,,N/A,,Burrito King,http://www.burritokingmadera.com/,  restaurant |   food |   point_of_interest |   establishment,OPERATIONAL,P40,Y,1,BURRITO KING,319-21 N GATEWAY DR   MADERA  CA  93637,+1 559-674-7596,47 - ON-SALE GENERAL EATING PLACE,RAUL CASTRO ENTERPRISES INC,BURRITO KING,319-21 N GATEWAY DR,,MADERA,CA,93637-3580,,,,,,True,True
168,295999,MARCIAL  MICHAELANGELO,03 - LB/LAKEWOOD,EL TEXATE RESTAURANT,316 PICO BLVD   SANTA MONICA  CA  90405,LOS ANGELES,7020.02,MARCIAL  MICHAELANGELO,REV PENDING,,,,,N/A,*Operating Restrictions exist. For more information  please see our Guidelines for Access to Records.,No Active Disciplinary Action found,Reg. Number:        11074967        Section:23804Section:24200(A&B)            Proceeding Status:            CLOSED                    Decision:            SUSPEND                        Suspension Days:            15                        POIC/Fine:            2000,Hold Type:                    BOARD OF EQUALIZATION HOLD                    Hold Date:                    26-MAR-2008                                        Hold Type:                    B/E COLLECTIONS SUSPENSION                    Hold Date:                    05-MAY-2022,No Escrow found,N/A,,N/A,,El Texate,http://www.eltexate.com/,  restaurant |   food |   point_of_interest |   establishment,CLOSED_PERMANENTLY,P40,Y,1,EL TEXATE RESTAURANT,316 PICO BLVD   SANTA MONICA  CA  90405,,47 - ON-SALE GENERAL EATING PLACE,MARCIAL  MICHAELANGELO,EL TEXATE RESTAURANT,316 PICO BLVD,,SANTA MONICA,CA,90405,,,,,,True,True
169,447269,HOWARD  JESSIE ONEIL KIRK,22 - CONCORD,JKS BRICKHOUSE,360 ADELINE ST   OAKLAND  CA  94607,ALAMEDA,9820.00,HOWARD  JESSIE ONEIL KIRK,ACTIVE,,,,,N/A,*Operating Restrictions exist. For more information  please see our Guidelines for Access to Records.,No Active Disciplinary Action found,Reg. Number:        09070661        Section:25658(a)Section:24200(a&b)            Proceeding Status:            CLOSED                    Decision:            POIC                        Suspension Days:            15                        Suspension Start Date:            04-MAR-2010,Hold Type:                    BOARD OF EQUALIZATION HOLD                    Hold Date:                    04-DEC-2013,No Escrow found,47-432049,,N/A,,J.K's Brickhouse Sports Bar & Grill,,  bar |   restaurant |   food |   point_of_interest |   establishment,CLOSED_TEMPORARILY,P40,Y,1,JKS BRICKHOUSE,360 ADELINE ST   OAKLAND  CA  94607,+1 510-832-5200,47 - ON-SALE GENERAL EATING PLACE,HOWARD  JESSIE ONEIL KIRK,JKS BRICKHOUSE,360 ADELINE ST,,OAKLAND,CA,94607-2520,https://www.yelp.nl/biz/jk-brickhouse-oakland?osq=JKS+BRICKHOUSE,JK Brickhouse,(510) 832-5200,not url,3.6,True,True
170,362897,ZUBIES CHICKEN COOP INC,11 - SANTA ANA,ZUBIES CHICKEN COOP,414 OLD NEWPORT BLVD   NEWPORT BEACH  CA  92663,ORANGE,633.02,ZUBIES CHICKEN COOP INC,ACTIVE,,,,,N/A,No Operating Restrictions found,No Active Disciplinary Action found,No Disciplinary History found.,No Active Holds found,No Escrow found,47-327359,,N/A,,The Chicken Coop,,  bar |   restaurant |   food |   point_of_interest |   establishment,OPERATIONAL,P40,Y,1,ZUBIES CHICKEN COOP,414 OLD NEWPORT BLVD   NEWPORT BEACH  CA  92663,+1 949-645-6086,47 - ON-SALE GENERAL EATING PLACE,ZUBIES CHICKEN COOP INC,ZUBIES CHICKEN COOP,414 OLD NEWPORT BLVD,,NEWPORT BEACH,CA,92663,https://www.yelp.nl/biz/chicken-coop-newport-beach?osq=ZUBIES+CHICKEN+COOP,Chicken Coop,(949) 645-6086,not url,3.8,True,True
171,346326,FILLMORE STREET RESTAURANT PARTNERS L-PSHIP,24 - SAN FRANCISCO,FLORIO,1915 FILLMORE ST   SAN FRANCISCO  CA  94115,SAN FRANCISCO,152.02,FILLMORE STREET RESTAURANT PARTNERS L-PSHIP,ACTIVE,,,,,N/A,*Operating Restrictions exist. For more information  please see our Guidelines for Access to Records.,No Active Disciplinary Action found,No Disciplinary History found.,No Active Holds found,No Escrow found,47-217579,,N/A,,Florio Bar & Cafe,http://www.floriosf.com/,  restaurant |   cafe |   food |   point_of_interest |   establishment,OPERATIONAL,P40,Y,1,FLORIO,1915 FILLMORE ST   SAN FRANCISCO  CA  94115,+1 415-775-4300,47 - ON-SALE GENERAL EATING PLACE,FILLMORE STREET RESTAURANT PARTNERS L-PSHIP,FLORIO,1915 FILLMORE ST,,SAN FRANCISCO,CA,94115,https://www.yelp.nl/biz/florio-bar-and-cafe-san-francisco?osq=FLORIO,Florio Bar & Cafe,(415) 775-4300,https://floriosf.com,3.7,True,True
172,100628,WATERFRONT RESTAURANTS INC,09 - SAN MARCOS,JAKES DEL MAR,1660 COAST BLVD   DEL MAR  CA  92014,SAN DIEGO,172.01,WATERFRONT RESTAURANTS INC,ACTIVE,,,,,N/A,*Operating Restrictions exist. For more information  please see our Guidelines for Access to Records.,No Active Disciplinary Action found,No Disciplinary History found.,No Active Holds found,No Escrow found,N/A,,N/A,,Jake's Del Mar,http://jakesdelmar.com/,  bar |   restaurant |   food |   point_of_interest |   establishment,OPERATIONAL,P0,Y,1,JAKES DEL MAR,1660 COAST BLVD   DEL MAR  CA  92014,+1 858-755-2002,47 - ON-SALE GENERAL EATING PLACE,WATERFRONT RESTAURANTS INC,JAKES DEL MAR,1660 COAST BLVD,,DEL MAR,CA,92014,https://www.yelp.nl/biz/jakes-del-mar-2?osq=JAKES+DEL+MAR,Jake's,(858) 755-2002,https://jakesdelmar.com,4.1,True,True
173,309567,DON CHAVA INC,02 - MONROVIA,EL RANCHITO,6703 SANTA FE AVE   HUNTINGTON PARK  CA  90255,LOS ANGELES,5331.03,DON CHAVA INC,ACTIVE,,,,,N/A,*Operating Restrictions exist. For more information  please see our Guidelines for Access to Records.,No Active Disciplinary Action found,Reg. Number:        17085682        Section:25658(A)            Proceeding Status:            CLOSED                    Decision:            ALL STAYED                        Suspension Days:            10,No Active Holds found,No Escrow found,47-270667,,N/A,,Avila's El Ranchito Huntington Park,https://avilaselranchito.com/huntington-park/,  restaurant |   food |   point_of_interest |   establishment,OPERATIONAL,P40,Y,1,EL RANCHITO,6703 SANTA FE AVE   HUNTINGTON PARK  CA  90255,+1 323-585-5055,47 - ON-SALE GENERAL EATING PLACE,DON CHAVA INC,EL RANCHITO,6703 SANTA FE AVE,,HUNTINGTON PARK,CA,90255-3903,https://www.yelp.nl/biz/guajillo-restaurant-huntington-park?osq=EL+RANCHITO,Guajillo Restaurant,(323) 835-6424,https://guajillorestaurant.com,4.1,True,True
174,453872,,,,,,,,,,,,,,,,,,,,,,,,,,,,,,,,,,,,,,,,,,,,,,False,False
175,23867,TOP LEE GOURMET INC,25 - SAN JOSE,TAO TAO,175 S MURPHY AVE   SUNNYVALE  CA  94086,SANTA CLARA,5086.02,TOP LEE GOURMET INC,ACTIVE,,,,,N/A,No Operating Restrictions found,No Active Disciplinary Action found,No Disciplinary History found.,No Active Holds found,No Escrow found,N/A,,N/A,,Tao Tao,http://www.taotaocafe.com/,  restaurant |   food |   point_of_interest |   establishment,OPERATIONAL,P40,Y,1,TAO TAO,175 S MURPHY AVE   SUNNYVALE  CA  94086,+1 408-736-3731,47 - ON-SALE GENERAL EATING PLACE,TOP LEE GOURMET INC,TAO TAO,175 S MURPHY AVE,,SUNNYVALE,CA,94086,https://www.yelp.nl/biz/tao-tao-cafe-sunnyvale-2?osq=TAO+TAO,Tao Tao Cafe,(408) 736-3731,https://taotaocafe.com,3.3,True,True
176,312571,JOHER  HASSAN SALEH,03 - LB/LAKEWOOD,LA MIRAGE RESTAURANT,17104 PIONEER BLVD   ARTESIA  CA  90701,LOS ANGELES,5548.01,JOHER  HASSAN SALEH,ACTIVE,,,,,N/A,*Operating Restrictions exist. For more information  please see our Guidelines for Access to Records.,Reg. Number:                        24094832,Reg. Number:        99045951        Section:H&S 110545 110560 110620Section:23804Section:24200(a&b)Section:PC 347(b)            Proceeding Status:            CLOSED                    Decision:            POIC                        Suspension Days:            15                        POIC/Fine:            6000,No Active Holds found,No Escrow found,47-273803,,47-662066,,La Mirage Restaurant & Nightclub,http://www.lamirageent.com/,  night_club |   restaurant |   food |   point_of_interest |   establishment,OPERATIONAL,P0,Y,1,LA MIRAGE RESTAURANT,17104 PIONEER BLVD   ARTESIA  CA  90701,+1 562-527-9755,47 - ON-SALE GENERAL EATING PLACE,JOHER  HASSAN SALEH,LA MIRAGE RESTAURANT,17104 PIONEER BLVD,,ARTESIA,CA,90701,https://www.yelp.nl/biz/la-mirage-restaurant-and-night-club-artesia?osq=LA+MIRAGE+RESTAURANT,La Mirage Restaurant & Night Club,(562) 527-9755,https://lamirageent.com,2.2,True,True
177,358329,CHIANG  JAMES YU CHI,05 - VAN NUYS,MANDARIN KING CHINESE RESTAURANT,17092 DEVONSHIRE ST   NORTHRIDGE  CA  91325,LOS ANGELES,1113.02,CHIANG  SAIOU| CHIANG  JAMES YU CHI,ACTIVE,,,,,N/A,*Operating Restrictions exist. For more information  please see our Guidelines for Access to Records.,No Active Disciplinary Action found,Reg. Number:        08068915        Section:25658(a)Section:24200(a&b)            Proceeding Status:            CLOSED                    Decision:            ALL STAYED                        Suspension Days:            10                        Stayed Days:            10,No Active Holds found,No Escrow found,47-123697,,N/A,,Mandarin King,https://www.mandarinkingnorthridge.com/,  restaurant |   food |   point_of_interest |   establishment,OPERATIONAL,P40,Y,1,MANDARIN KING CHINESE RESTAURANT,17092 DEVONSHIRE ST   NORTHRIDGE  CA  91325,+1 818-366-8999,47 - ON-SALE GENERAL EATING PLACE,CHIANG  JAMES YU CHI,MANDARIN KING CHINESE RESTAURANT,17092 DEVONSHIRE ST,,NORTHRIDGE,CA,91325,https://www.yelp.nl/biz/mandarin-king-northridge?osq=MANDARIN+KING+CHINESE+RESTAURANT,Mandarin King,(818) 366-8999,https://mandarinkingnorthridge.com,3.9,True,True
178,393899,STEVES STEAKHOUSE INC,03 - LB/LAKEWOOD,STEVES STEAKHOUSE,417 CRESCENT AVE RM 200   AVALON  CA  90704,LOS ANGELES,5990.00,STEVES STEAKHOUSE INC,ACTIVE,,,,,N/A,No Operating Restrictions found,No Active Disciplinary Action found,No Disciplinary History found.,No Active Holds found,No Escrow found,47-343521,,N/A,,Steve's Steakhouse and Seafood,https://stevessteakhouse.com/,  restaurant |   food |   point_of_interest |   establishment,OPERATIONAL,P0,Y,1,STEVES STEAKHOUSE,417 CRESCENT AVE RM 200   AVALON  CA  90704,+1 310-510-0333,47 - ON-SALE GENERAL EATING PLACE,STEVES STEAKHOUSE INC,STEVES STEAKHOUSE,417 CRESCENT AVE RM 200,,AVALON,CA,90704,https://www.yelp.nl/biz/steves-steakhouse-avalon?osq=STEVES+STEAKHOUSE,Steve's Steakhouse,(310) 510-0333,https://stevessteakhouse.com,3.8,True,True
179,440072,,,,,,,,,,,,,,,,,,,,,,,,,,,,,,,,,,,,,,,,,,,,,,False,False
180,487715,POORHOUSE PARTNERS LLC,03 - LB/LAKEWOOD,BADDELEYS POORHOUSE,3348 E BROADWAY   LONG BEACH  CA  90803,LOS ANGELES,5772.00,POORHOUSE PARTNERS LLC,ACTIVE,,,,,N/A,*Operating Restrictions exist. For more information  please see our Guidelines for Access to Records.,No Active Disciplinary Action found,No Disciplinary History found.,No Active Holds found,No Escrow found,48-265792,,48-663548,,Baddeley's Pourhouse Sports Bar,http://www.baddeleyspourhouselb.com/,  bar |   point_of_interest |   establishment,OPERATIONAL,P40,Y,1,BADDELEYS POORHOUSE,3348 E BROADWAY   LONG BEACH  CA  90803,+1 562-439-7220,48 - ON-SALE GENERAL PUBLIC PREMISES,POORHOUSE PARTNERS LLC,BADDELEYS POORHOUSE,3348 E BROADWAY,,LONG BEACH,CA,90803,https://www.yelp.nl/biz/baddeleys-pourhouse-long-beach?osq=BADDELEYS+POORHOUSE,Baddeley's Pourhouse,(562) 439-7220,https://baddeleyspourhouselb.com,4.4,True,True
181,411674,GILLETTE  JAMES JOHN,22 - CONCORD,V & E CLUB,2071 1ST ST   LIVERMORE  CA  94550,ALAMEDA,4516.01,GILLETTE  JAMES JOHN,ACTIVE,,,,,N/A,No Operating Restrictions found,No Active Disciplinary Action found,No Disciplinary History found.,No Active Holds found,No Escrow found,48-337085,,N/A,,V & E Club,http://v-e-club.poi.place/,  bar |   point_of_interest |   establishment,OPERATIONAL,P40,Y,1,V & E CLUB,2071 1ST ST   LIVERMORE  CA  94550,+1 925-447-3293,48 - ON-SALE GENERAL PUBLIC PREMISES,GILLETTE  JAMES JOHN,V & E CLUB,2071 1ST ST,,LIVERMORE,CA,94550,,,,,,True,True
182,406752,,,,,,,,,,,,,,,,,,,,,,,,,,,,,,,,,,,,,,,,,,,,,,False,False
183,227565,CASTRO  EDWARD,03 - LB/LAKEWOOD,NEW STARBOARD ATTITUDE,202 FISHERMANS WHARF   REDONDO BEACH  CA  90277,LOS ANGELES,6213.24,CASTRO  EDWARD,ACTIVE,,,,,N/A,No Operating Restrictions found,No Active Disciplinary Action found,Reg. Number:        11074508        Section:25602(A)Section:24200(A&B)            Proceeding Status:            CLOSED                    Decision:            ALL STAYED                        Suspension Days:            10                        Stayed Days:            10,No Active Holds found,No Escrow found,N/A,,N/A,,Starboard Attitude,,  bar |   point_of_interest |   establishment,OPERATIONAL,P40,Y,1,NEW STARBOARD ATTITUDE,202 FISHERMANS WHARF   REDONDO BEACH  CA  90277,+1 424-254-5423,48 - ON-SALE GENERAL PUBLIC PREMISES,CASTRO  EDWARD,NEW STARBOARD ATTITUDE,202 FISHERMANS WHARF,,REDONDO BEACH,CA,90277,https://www.yelp.nl/biz/new-starboard-attitude-redondo-beach-2?osq=NEW+STARBOARD+ATTITUDE,New Starboard Attitude,(424) 254-5423,not url,3.5,True,True
184,448648,EASTSIDE HOLDINGS L-PSHIP,04 - LA/METRO,LITTLE DOMS,2128 HILLHURST AVE   LOS ANGELES  CA  90027,LOS ANGELES,1891.02,EASTSIDE HOLDINGS L-PSHIP,ACTIVE,,,,,N/A,*Operating Restrictions exist. For more information  please see our Guidelines for Access to Records.,No Active Disciplinary Action found,No Disciplinary History found.,No Active Holds found,No Escrow found,47-393468,,N/A,,Little Dom's,http://littledoms.com/,  restaurant |   food |   point_of_interest |   store |   establishment,OPERATIONAL,P40,Y,1,LITTLE DOMS,2128 HILLHURST AVE   LOS ANGELES  CA  90027,+1 323-661-0055,47 - ON-SALE GENERAL EATING PLACE,EASTSIDE HOLDINGS L-PSHIP,LITTLE DOMS,2128 HILLHURST AVE,,LOS ANGELES,CA,90027-2012,https://www.yelp.nl/biz/little-doms-los-angeles-2?osq=LITTLE+DOMS,Little Dom's,(323) 661-0055,https://littledoms.com,3.6,True,True
185,474779,JAY DEE CAFE LLC,02 - MONROVIA,JAY DEE CAFE,1843 W MAIN ST   ALHAMBRA  CA  91801,LOS ANGELES,4808.04,JAY DEE CAFE LLC,ACTIVE,,,,,N/A,*Operating Restrictions exist. For more information  please see our Guidelines for Access to Records.,No Active Disciplinary Action found,Reg. Number:        24094420        Section:B&P 25177            Proceeding Status:            CLOSED                    Decision:            POIC                        POIC/Fine:            2179.2,No Active Holds found,No Escrow found,47-111189,,N/A,,Jay Dee Cafe,,  bar |   point_of_interest |   establishment,OPERATIONAL,P40,Y,1,JAY DEE CAFE,1843 W MAIN ST   ALHAMBRA  CA  91801,+1 626-281-6887,47 - ON-SALE GENERAL EATING PLACE,JAY DEE CAFE LLC,JAY DEE CAFE,1843 W MAIN ST,,ALHAMBRA,CA,91801-1829,https://www.yelp.nl/biz/jay-dee-cafe-alhambra-7?osq=JAY+DEE+CAFE,Jay Dee Cafe,(626) 281-6887,not url,3.7,True,True
186,270781,HURRICANE BAR & GRILL INC,11 - SANTA ANA,HURRICANES BAR & GRILL,200 MAIN ST STE 201  HUNTINGTON BEACH  CA  92648,ORANGE,993.11,HURRICANE BAR & GRILL INC,ACTIVE,,,,,N/A,Signs shall be conspicuously posted at all exits of the premises patio which prohibit alcoholic beverages from leaving the confines of the premises patio. Sales  service and consumption of alcoholic beverages on said patio area shall be limited to disposable plastic/styrofoam containers. Anytime the patio is being utilized for sales  service and consumption of alcoholic beverages  a minimum of two (2) employees shall be stationed on this area.,No Active Disciplinary Action found,Reg. Number:        99047044        Section:CCR  143.2(3)  143.3(1)(b)  143.3(2)Section:25602(a)Section:23804Section:24200(a&b)            Proceeding Status:            CLOSED                    Decision:            REVOKED                        Suspension Days:            30                        Stayed Days:            730                        Suspension Start Date:            10-FEB-2000                        Suspension End Date:            11-MAR-1998,No Active Holds found,No Escrow found,N/A,,N/A,,Hurricanes Bar & Grill,https://www.hurricanesbargrill.com/,  bar |   restaurant |   food |   point_of_interest |   establishment,OPERATIONAL,P40,Y,1,HURRICANES BAR & GRILL,200 MAIN ST STE 201  HUNTINGTON BEACH  CA  92648,+1 714-374-0500,47 - ON-SALE GENERAL EATING PLACE,HURRICANE BAR & GRILL INC,HURRICANES BAR & GRILL,200 MAIN ST,STE 201,HUNTINGTON BEACH,CA,92648-8105,,,,,,True,True
187,459619,YFC INC,21 - FRESNO,YOSEMITE FALLS CAFE,5123 N BLACKSTONE AVE   FRESNO  CA  93710,FRESNO,45.05,YFC INC,ACTIVE,,,,,PRIORITIES 1995 AND LATER  NO SALE 2 YEARS,*Operating Restrictions exist. For more information  please see our Guidelines for Access to Records.,No Active Disciplinary Action found,No Disciplinary History found.,No Active Holds found,No Escrow found,N/A,,N/A,,Yosemite Falls Cafe,https://www.yosemitefallscafe.net/,  restaurant |   liquor_store |   food |   point_of_interest |   store |   establishment,OPERATIONAL,P40,Y,1,YOSEMITE FALLS CAFE,5123 N BLACKSTONE AVE   FRESNO  CA  93710,+1 559-225-6800,47 - ON-SALE GENERAL EATING PLACE,YFC INC,YOSEMITE FALLS CAFE,5123 N BLACKSTONE AVE,,FRESNO,CA,93710-6701,https://www.yelp.nl/biz/burger-king-fresno-15,Burger King,(559) 492-2985,https://burgerking.com,1.1,True,True
188,280832,MORSCHAUSER  WILLIAM GEORGE,02 - MONROVIA,FRIAR TUCKS BAR & GRILLE,540 E FOOTHILL BLVD   POMONA  CA  91767,LOS ANGELES,4017.04,MORSCHAUSER  WILLIAM GEORGE,ACTIVE,,,,,N/A,*Operating Restrictions exist. For more information  please see our Guidelines for Access to Records.,No Active Disciplinary Action found,Reg. Number:        10073169        Section:25658(a)Section:24200(a&b)            Proceeding Status:            CLOSED                    Decision:            POIC                        Suspension Days:            15                        POIC/Fine:            3000,No Active Holds found,No Escrow found,N/A,,N/A,,Friar Tuck's Bar And Grill,,  point_of_interest |   establishment,CLOSED_PERMANENTLY,P40,Y,1,FRIAR TUCKS BAR & GRILLE,540 E FOOTHILL BLVD   POMONA  CA  91767,,47 - ON-SALE GENERAL EATING PLACE,MORSCHAUSER  WILLIAM GEORGE,FRIAR TUCKS BAR & GRILLE,540 E FOOTHILL BLVD,,POMONA,CA,91767-1220,,,,,,True,True
189,418582,PEPPERS MEXICALI CAFE INC,26 - SALINAS,PEPPERS MEXICALI CAFE,170 FOREST AVE   PACIFIC GROVE  CA  93950,MONTEREY,124.01,PEPPERS MEXICALI CAFE INC,ACTIVE,,,,,N/A,*Operating Restrictions exist. For more information  please see our Guidelines for Access to Records.,No Active Disciplinary Action found,No Disciplinary History found.,Hold Type:                    FORM 220                    Hold Date:                    16-DEC-2009,No Escrow found,N/A,,N/A,,Peppers Mexicali Cafe,https://www.peppersmexicalicafe.com/,  restaurant |   food |   point_of_interest |   establishment,OPERATIONAL,P0,Y,1,PEPPERS MEXICALI CAFE,170 FOREST AVE   PACIFIC GROVE  CA  93950,+1 831-373-6892,47 - ON-SALE GENERAL EATING PLACE,PEPPERS MEXICALI CAFE INC,PEPPERS MEXICALI CAFE,170 FOREST AVE,,PACIFIC GROVE,CA,93950,https://www.yelp.nl/biz/peppers-mexicali-cafe-pacific-grove?osq=PEPPERS+MEXICALI+CAFE,Peppers Mexicali Cafe,(831) 373-6892,https://pepperspg.com,4,True,True
190,246901,MCCLOSKEY  JOHN A,22 - CONCORD,POLOMONIS,1845 1ST ST   LIVERMORE  CA  94550,ALAMEDA,4516.02,MCCLOSKEY  JOHN A,ACTIVE,,,,,N/A,No Operating Restrictions found,No Active Disciplinary Action found,Reg. Number:        19089130        Section:25176; 25177Section:23402Section:CCR 57.6            Proceeding Status:            CLOSED                    Decision:            SUSPEND                        Suspension Days:            20                        Suspension Start Date:            14-JAN-2021                        Suspension End Date:            03-FEB-2021,Hold Type:                    FRANCHISE TAX HOLD                    Hold Date:                    25-AUG-2005,No Escrow found,N/A,,N/A,,Polomoni's Bar & Lounge,,  bar |   night_club |   point_of_interest |   establishment,OPERATIONAL,P40,Y,1,POLOMONIS,1845 1ST ST   LIVERMORE  CA  94550,+1 925-447-5311,48 - ON-SALE GENERAL PUBLIC PREMISES,MCCLOSKEY  JOHN A,POLOMONIS,1845 1ST ST,,LIVERMORE,CA,94550,,,,,,True,True
191,483501,ASCOT HOTEL L-PSHIP,04 - LA/METRO,HOTEL ANGELENO,170 N CHURCH LN   LOS ANGELES  CA  90049,LOS ANGELES,2623.02,ASCOT HOTEL L-PSHIP,ACTIVE,,,,,N/A,No Operating Restrictions found,No Active Disciplinary Action found,No Disciplinary History found.,No Active Holds found,No Escrow found,47-396854,,N/A,,Hotel Angeleno,http://hotelangeleno.com/,  lodging |   point_of_interest |   establishment,OPERATIONAL,P40,Y,1,HOTEL ANGELENO,170 N CHURCH LN   LOS ANGELES  CA  90049,+1 310-476-6411,47 - ON-SALE GENERAL EATING PLACE,ASCOT HOTEL L-PSHIP,HOTEL ANGELENO,170 N CHURCH LN,,LOS ANGELES,CA,90049-2044,https://www.yelp.nl/biz/hotel-angeleno-los-angeles?osq=HOTEL+ANGELENO,Hotel Angeleno,(310) 476-6411,https://hotelangeleno.com,3.2,True,True
192,477208,,,,,,,,,,,,,,,,,,,,,,,,,,,,,,,,,,,,,,,,,,,,,,False,False
193,414520,SACRAMENTO STREET PARTNERS LLC,24 - SAN FRANCISCO,SPRUCE,3640 SACRAMENTO ST   SAN FRANCISCO  CA  94118,SAN FRANCISCO,133.00,SACRAMENTO STREET PARTNERS LLC,ACTIVE,,,,,N/A,*Operating Restrictions exist. For more information  please see our Guidelines for Access to Records.,No Active Disciplinary Action found,No Disciplinary History found.,No Active Holds found,No Escrow found,47-321352,,N/A,,Spruce,http://www.sprucesf.com/,  bar |   restaurant |   food |   point_of_interest |   establishment,OPERATIONAL,P40,Y,1,SPRUCE,3640 SACRAMENTO ST   SAN FRANCISCO  CA  94118,+1 415-931-5100,47 - ON-SALE GENERAL EATING PLACE,SACRAMENTO STREET PARTNERS LLC,SPRUCE,3640 SACRAMENTO ST,,SAN FRANCISCO,CA,94118-1710,https://www.yelp.nl/biz/spruce-san-francisco?osq=SPRUCE,Spruce,(415) 931-5100,https://sprucesf.com,4.1,True,True
194,436819,CAP ENTERTAINMENT CORP,10 - SAN DIEGO,BLUEFOOT BAR & LOUNGE,3404 30TH ST   SAN DIEGO  CA  92104,SAN DIEGO,14.00,CAP ENTERTAINMENT CORP,ACTIVE,,,,,N/A,*Operating Restrictions exist. For more information  please see our Guidelines for Access to Records.,No Active Disciplinary Action found,No Disciplinary History found.,No Active Holds found,No Escrow found,47-320699,,N/A,,Bluefoot Bar and Lounge,http://www.bluefootsd.com/?utm_source=google&utm_medium=wix_google_business_profile&utm_campaign=14521484551566438383,  bar |   night_club |   point_of_interest |   establishment,OPERATIONAL,P40,Y,1,BLUEFOOT BAR & LOUNGE,3404 30TH ST   SAN DIEGO  CA  92104,+1 619-756-7891,48 - ON-SALE GENERAL PUBLIC PREMISES,CAP ENTERTAINMENT CORP,BLUEFOOT BAR & LOUNGE,3404 30TH ST,,SAN DIEGO,CA,92104,,,,,,True,True
195,244278,RISTORANTI PIEMONTESI INC,24 - SAN FRANCISCO,PALIO DASTI,640 SACRAMENTO ST   SAN FRANCISCO  CA  94111,SAN FRANCISCO,611.01,RISTORANTI PIEMONTESI INC,ACTIVE,,,,,N/A,No Operating Restrictions found,No Active Disciplinary Action found,No Disciplinary History found.,Hold Type:                    BOARD OF EQUALIZATION HOLD                    Hold Date:                    13-DEC-2019,No Escrow found,N/A,,N/A,,Palio,http://www.paliosf.com/,  restaurant |   food |   point_of_interest |   establishment,OPERATIONAL,P40,Y,1,PALIO DASTI,640 SACRAMENTO ST   SAN FRANCISCO  CA  94111,+1 415-395-9800,47 - ON-SALE GENERAL EATING PLACE,RISTORANTI PIEMONTESI INC,PALIO DASTI,640 SACRAMENTO ST,,SAN FRANCISCO,CA,94111,https://www.yelp.nl/biz/palio-san-francisco-2?osq=PALIO+DASTI,Palio,(415) 395-9800,https://paliosf.com,3.8,True,True
196,298874,L R K WEST INC,08 - PALM DESERT,INDIAN WELLS RESORT HOTEL,76661 HWY 111   INDIAN WELLS  CA  92210,RIVERSIDE,451.22,L R K WEST INC,ACTIVE,,,,,N/A,No Operating Restrictions found,No Active Disciplinary Action found,No Disciplinary History found.,No Active Holds found,No Escrow found,47-293219,,N/A,,Indian Wells Resort Hotel,https://indianwellsresort.com/,  lodging |   point_of_interest |   establishment,OPERATIONAL,P0,Y,1,INDIAN WELLS RESORT HOTEL,76661 HWY 111   INDIAN WELLS  CA  92210,+1 760-345-6466,47 - ON-SALE GENERAL EATING PLACE,L R K WEST INC,INDIAN WELLS RESORT HOTEL,76661 HWY 111,,INDIAN WELLS,CA,92210,https://www.yelp.nl/biz/indian-wells-resort-hotel-indian-wells?osq=INDIAN+WELLS+RESORT+HOTEL,Indian Wells Resort Hotel,(760) 345-6466,https://indianwellsresort.com,2.3,True,True
197,181690,BRUNOS ITALIAN RESTAURANT INC,11 - SANTA ANA,EL PATIO RESTAURANT,1750 W LA PALMA AVE   ANAHEIM  CA  92801,ORANGE,867.02,BRUNOS ITALIAN RESTAURANT INC,ACTIVE,,,,,N/A,*Operating Restrictions exist. For more information  please see our Guidelines for Access to Records.,No Active Disciplinary Action found,No Disciplinary History found.,Hold Type:                    FORM 220                    Hold Date:                    15-MAY-1995,No Escrow found,N/A,,N/A,,El Patio Restaurant,http://el-patio-anaheim.poi.place/,  night_club |   restaurant |   food |   point_of_interest |   establishment,OPERATIONAL,P40,Y,1,EL PATIO RESTAURANT,1750 W LA PALMA AVE   ANAHEIM  CA  92801,+1 714-758-1649,47 - ON-SALE GENERAL EATING PLACE,BRUNOS ITALIAN RESTAURANT INC,EL PATIO RESTAURANT,1750 W LA PALMA AVE,,ANAHEIM,CA,92801,https://www.yelp.nl/biz/el-patio-restaurant-and-dancing-anaheim?osq=EL+PATIO+RESTAURANT,El Patio Restaurant & Dancing,(714) 758-1649,not url,2.8,True,True
198,367919,YE RUSTIC INN INC,04 - LA/METRO,YE RUSTIC INN,1831 HILLHURST AVE STORE 8   LOS ANGELES  CA  90027,LOS ANGELES,1891.01,YE RUSTIC INN INC,ACTIVE,,,,,CODE 8 - SELF-INCORPORATION - HISTORICAL VALUE,No Operating Restrictions found,No Active Disciplinary Action found,Reg. Number:        07065767        Section:25658(a)Section:24200(a)            Proceeding Status:            CLOSED                    Decision:            POIC                        Suspension Days:            10                        POIC/Fine:            3000,No Active Holds found,No Escrow found,47-354513,,N/A,,Ye Rustic Inn,,  bar |   restaurant |   food |   point_of_interest |   establishment,OPERATIONAL,P40,Y,1,YE RUSTIC INN,1831 HILLHURST AVE STORE 8   LOS ANGELES  CA  90027,+1 323-662-5757,47 - ON-SALE GENERAL EATING PLACE,YE RUSTIC INN INC,YE RUSTIC INN,1831 HILLHURST AVE STORE 8,,LOS ANGELES,CA,90027,https://www.yelp.nl/biz/ye-rustic-inn-los-angeles?osq=YE+RUSTIC+INN,Ye Rustic Inn,(323) 662-5757,https://yerusticinn.com,3.4,True,True
199,194006,LEOLO,04 - LA/METRO,LEONARDOS,1735 W MANCHESTER AVE   LOS ANGELES  CA  90047,LOS ANGELES,2381.00,LEOLO,ACTIVE,,,,,N/A,No Operating Restrictions found,No Active Disciplinary Action found,Reg. Number:        11076043        Section:143.3 (2)  143.3 (1)(C) Section:24200 (A&B)            Proceeding Status:            CLOSED                    Decision:            SUSPEND                        Suspension Days:            20                        Stayed Days:            10                        Suspension Start Date:            03-JAN-2012                        Suspension End Date:            13-JAN-2012,No Active Holds found,No Escrow found,N/A,,N/A,,Manchester Banquet Hall,https://www.manchesterbanquethall.info/,  point_of_interest |   establishment,OPERATIONAL,P40,Y,1,LEONARDOS,1735 W MANCHESTER AVE   LOS ANGELES  CA  90047,+1 323-717-8090,47 - ON-SALE GENERAL EATING PLACE,LEOLO,LEONARDOS,1735 W MANCHESTER AVE,,LOS ANGELES,CA,90047,https://www.yelp.nl/biz/leonardos-restaurant-los-angeles-2?osq=LEONARDOS,Leonardo's Restaurant,(323) 753-5242,not url,2.9,True,True
200,421948,ZOVS BISTRO INC,11 - SANTA ANA,ZOVS BISTRO,17440 E 17TH ST STE A  TUSTIN  CA  92780,ORANGE,,ZOVS BISTRO INC,ACTIVE,,,,,N/A,No Operating Restrictions found,No Active Disciplinary Action found,Reg. Number:        21090914        Section:B&P 25601            Proceeding Status:            CLOSED                    Decision:            ALL STAYED                        Suspension Days:            15                        Stayed Days:            15,No Active Holds found,No Escrow found,57-381297,,N/A,,Zov's Tustin,https://www.zovs.com/,  restaurant |   food |   point_of_interest |   establishment,OPERATIONAL,P40,Y,1,ZOVS BISTRO,17440 E 17TH ST STE A  TUSTIN  CA  92780,+1 714-838-8855,47 - ON-SALE GENERAL EATING PLACE,ZOVS BISTRO INC,ZOVS BISTRO,17440 E 17TH ST,STE A,TUSTIN,CA,92780,https://www.yelp.nl/biz/zovs-bistro-tustin-tustin-2?osq=ZOVS+BISTRO,Zov's Bistro Tustin,(714) 838-8855,https://zovs.com,4,True,True
201,385997,NUNEZ  ALDO MOISES,27 - SANTA ROSA,LA PRIMA PIZZA,1923 LAKE ST   CALISTOGA  CA  94515,NAPA,2020.00,NUNEZ  ALDO MOISES| NUNEZ  ELIZABETH,ACTIVE,,,,,N/A,*Operating Restrictions exist. For more information  please see our Guidelines for Access to Records.,No Active Disciplinary Action found,Reg. Number:        05060149        Section:25658(a)Section:24200(a&b)            Proceeding Status:            CLOSED                    Decision:            POIC                        Suspension Days:            15                        POIC/Fine:            750,No Active Holds found,No Escrow found,47-365763,,N/A,,La Prima,https://www.laprimamenu.com/?utm_source=gbp,  restaurant |   food |   point_of_interest |   establishment,OPERATIONAL,P0,Y,1,LA PRIMA PIZZA,1923 LAKE ST   CALISTOGA  CA  94515,+1 707-942-8070,47 - ON-SALE GENERAL EATING PLACE,NUNEZ  ALDO MOISES,LA PRIMA PIZZA,1923 LAKE ST,,CALISTOGA,CA,94515,https://www.yelp.nl/biz/la-prima-calistoga?osq=LA+PRIMA+PIZZA,La Prima,(707) 942-8070,not url,2.8,True,True
202,259509,PALACE HOLDINGS INC,04 - LA/METRO,AVALON HOLLYWOOD,1735 VINE ST   LOS ANGELES  CA  90028,LOS ANGELES,1902.01,PALACE HOLDINGS INC,ACTIVE,,,,,N/A,*Operating Restrictions exist. For more information  please see our Guidelines for Access to Records.,No Active Disciplinary Action found,Reg. Number:        00048724        Section:25658(a)Section:25658(b)Section:24200(a&b)            Proceeding Status:            CLOSED                    Decision:            DISMISS,No Active Holds found,No Escrow found,N/A,,N/A,,AVALON Hollywood & Bardot,http://www.avalonhollywood.com/,  night_club |   point_of_interest |   establishment,OPERATIONAL,P40,Y,1,AVALON HOLLYWOOD,1735 VINE ST   LOS ANGELES  CA  90028,+1 323-462-8900,47 - ON-SALE GENERAL EATING PLACE,PALACE HOLDINGS INC,AVALON HOLLYWOOD,1735 VINE ST,,LOS ANGELES,CA,90028,https://www.yelp.nl/biz/avalon-hollywood-los-angeles-2?osq=AVALON+HOLLYWOOD,Avalon Hollywood,(323) 462-8900,https://avalonhollywood.com,3.2,True,True
