id,license_number,primary_owner,office_of_application,business_name,business_address,county,census_tract,licensee,license_type_status,status_date,original_issue_date,expiration_date,duplicate,conditions,operating_restrictions,disciplinary_action,disciplinary_history,holds,escrows,from_license_number,transferred_on,to_license_number,transferred_on2,place_name,website,types,business_status,fee_code,master,transfers,business_name_secondary,business_address_secondary,phone_number,yelp_link,yelp_name,yelp_phone,yelp_website,yelp_rating,entity_num,file_number,physical_address1,physical_address2,physical_address3,physical_city,physical_state,physical_country,physical_postal_code,agent_type,license_type,lic_or_app,type_status,type_orig_iss_date,expir_date,fee_codes,dup_counts,master_ind,term_in_number_of_months,geo_code,district,primary_name,prem_addr_1,prem_addr_2,prem_city,prem_state,prem_zip,dba_name,mail_addr_1,mail_addr_2,mail_city,mail_state,mail_zip,prem_county,prem_census_tract,initial_filing_date,jurisdiction,entity_status,standing_sos,entity_type,filing_type,foreign_name,standing_ftb,standing_vcfcf,standing_agent,suspension_date,last_si_file_number,last_si_file_date,llc_management_structure,type_of_business,entity_name,org_name,first_name,middle_name,last_name,address1,address2,address3,city,state,country,postal_code,position_1,position_2,position_3,position_4,position_5,position_6,position_7,output_lincense_file_status,yelp_file_status,agent_file_status,principal_file_status,filling_file_status,business_License_field_status,combine_information_filed_status
11803,403596,BANGKOK INTERNATIONAL INC,25 - SAN JOSE,THAIPHOON RESTAURANT,543 EMERSON ST   PALO ALTO  CA  94301,SANTA CLARA,5113.02,BANGKOK INTERNATIONAL INC,ACTIVE,,,,,N/A,No Operating Restrictions found,No Active Disciplinary Action found,Reg. Number:        07067140        Section:25658(a)Section:24200(a&b)            Proceeding Status:            CLOSED                    Decision:            POIC                        Suspension Days:            10                        POIC/Fine:            939.5,No Active Holds found,No Escrow found,,,N/A,,Thaiphoon restaurant,http://thaiphoononline.net/,  bar |   restaurant |   food |   point_of_interest |   establishment,OPERATIONAL,P40,Y,1,THAIPHOON RESTAURANT,543 EMERSON ST   PALO ALTO  CA  94301,+1 650-323-7700,https://www.yelp.nl/biz/thaiphoon-palo-alto?osq=THAIPHOON+RESTAURANT,,(650) 323-7700,https://thaiphoononline.net,3.3,,,,,,,,,,,47 - ON-SALE GENERAL EATING PLACE,,,,,,,,,,,BANGKOK INTERNATIONAL INC,543 EMERSON ST,,PALO ALTO,CA,94301,,,,,,,,,,,,,,,,,,,,,,,,,,,,,,,,,,,,,,,,,,,True,True,False,False,False,True,False
11804,408304,NUNEZ  GERMAN,11 - SANTA ANA,COSTA AZUL RESTAURANT,2401 S FAIRVIEW ST   SANTA ANA  CA  92704,ORANGE,741.06,NUNEZ  JORGE| NUNEZ  GERMAN| NUNEZ  ROBELICIA,ACTIVE,,,,,N/A,*Operating Restrictions exist. For more information  please see our Guidelines for Access to Records.,No Active Disciplinary Action found,No Disciplinary History found.,Hold Type:                    SPECIAL HOLD                    Hold Date:                    29-MAR-2006,No Escrow found,,,N/A,,Costa Azul,https://www.eatcostaazul.com/,  bar |   restaurant |   food |   point_of_interest |   establishment,OPERATIONAL,P40,Y,1,COSTA AZUL RESTAURANT,2401 S FAIRVIEW ST   SANTA ANA  CA  92704,+1 714-434-7544,https://www.yelp.nl/biz/costa-azul-restaurant-santa-ana?osq=COSTA+AZUL+RESTAURANT,,(714) 434-7544,https://eatcostaazul.com,3.1,,,,,,,,,,,47 - ON-SALE GENERAL EATING PLACE,,,,,,,,,,,NUNEZ  GERMAN,2401 S FAIRVIEW ST,,SANTA ANA,CA,92704-5323,,,,,,,,,,,,,,,,,,,,,,,,,,,,,,,,,,,,,,,,,,,True,True,False,False,False,True,False
11805,411342,,,,,,,,,,,,,,,,,,,,,,,,,,,,,,,,,,,,,,201731010254,,42 SOUTH PASADENA AVE,,,PASADENA,CA,United States,91105,Individual Agent,,,,,,,,,,,,,,,,,,,,,,,,,,,,,,,,,,,,,,,,,,,,A,JORDAN A NEDEFF,42 SOUTH PASADENA AVE,,,PASADENA,CA,United States,91105,Manager,-,-,-,-,-,-,False,False,True,True,False,True,True
11806,117568,WATER VIEW RESTAURANTS INC,10 - SAN DIEGO,EDGEWATER GRILL,861 W HARBOR DR   SAN DIEGO  CA  92101,SAN DIEGO,51.03,WATER VIEW RESTAURANTS INC,ACTIVE,,,,,N/A,The primary business of the licensed premises shall always remain a restaurant. There shall be no pool tables or coin operated games permitted on the premises. The quarterly annual sales of alcoholic beverages shall not exceed the quarterly annual sales of food.,No Active Disciplinary Action found,No Disciplinary History found.,No Active Holds found,No Escrow found,,,N/A,,Edgewater Grill,http://www.edgewatergrill.com/,  restaurant |   food |   point_of_interest |   establishment,OPERATIONAL,P40,Y,1,EDGEWATER GRILL,861 W HARBOR DR   SAN DIEGO  CA  92101,+1 619-232-7581,https://www.yelp.nl/biz/edgewater-grill-san-diego?osq=EDGEWATER+GRILL,,(619) 232-7581,https://edgewatergrill.com,2.9,,,,,,,,,,,47 - ON-SALE GENERAL EATING PLACE,,,,,,,,,,,WATER VIEW RESTAURANTS INC,861 W HARBOR DR,,SAN DIEGO,CA,92101,,,,,,,,,,,,,,,,,,,,,,,,,,,,,,,,,,,,,,,,,,,True,True,False,False,False,True,False
11807,480964,,,,,,,,,,,,,,,,,,,,,,,,,,,,,,,,,,,,,,201731010254,,42 SOUTH PASADENA AVE,,,PASADENA,CA,United States,91105,Individual Agent,,,,,,,,,,,,,,,,,,,,,,,,,,,,,,,,,,,,,,,,,,,,A,JORDAN A NEDEFF,42 SOUTH PASADENA AVE,,,PASADENA,CA,United States,91105,Manager,-,-,-,-,-,-,False,False,True,True,False,True,True
11808,433353,TRIALS PUB,25 - SAN JOSE,TRIALS PUB,265 N 1ST ST   SAN JOSE  CA  95113,SANTA CLARA,5008.00,TRIALS PUB,ACTIVE,,,,,N/A,*Operating Restrictions exist. For more information  please see our Guidelines for Access to Records.,No Active Disciplinary Action found,No Disciplinary History found.,No Active Holds found,No Escrow found,,,N/A,,Trials Pub,http://www.trialspub.com/,  bar |   point_of_interest |   establishment,OPERATIONAL,P40,Y,1,TRIALS PUB,265 N 1ST ST   SAN JOSE  CA  95113,+1 408-947-0497,https://www.yelp.nl/biz/la-catalana-san-jose,,(408) 324-1321,https://lacatalanatapas.com,3.9,2802591,433353,15114 LYNN AVE,,,LOS GATOS,CA,United States,95032,Individual Agent,47 - ON-SALE GENERAL EATING PLACE,LIC,ACTIVE,2006-01-09,2024-12-31,P40,,Y,12,4313,25,TRIALS PUB,265 N 1ST ST,,SAN JOSE,CA,95113,TRIALS PUB, , , , , ,SANTA CLARA,5008,,,,,,,,,,,,,,,,,,Brad,J,van der Molen,265 N. 1st Street,,,San Jose,CA,United States,95113,Director,Chief Financial Officer,-,-,-,-,-,True,True,True,True,True,True,True
11809,394782,66 CALIFORNIA INC,12 - VENTURA,CAFE FIORE,66 S CALIFORNIA ST   VENTURA  CA  93001,VENTURA,24.00,66 CALIFORNIA INC,ACTIVE,,,,,N/A,Sales  service and consumption of alcoholic beverages shall be permitted only between the hours of 11:30 AM  and 01:30 AM each day of the week. The quarterly gross sales of alcoholic beverages shall not exceed the quarterly gross sales of food during the same period.  The licensee shall at all times maintain records which reflect separately the gross sale of food and the gross sales of alcoholic beverages of the licensed business.  Said records shall be kept no less frequently than on a quarterly basis and shall be made available to the Department on demand. During normal meal hours  the premises must possess the necessary utensils  table service  and condiment dispensers with which to serve meals to the public. Entertainment provided shall not be audible beyond the area under the control of the licensee(s)  as defined on the most recently certified ABC-257. If deemed necessary by the Department or by the City of Ventura  security will be provided on Friday and Saturday nights. The sale of alcoholic beverages for consumption off the premises is strictly prohibited. The petitioner(s) shall be responsible for maintaining free of litter the area adjacent to the premises over which they have control  as depicted on the most recently certified ABC-257 and ABC-253. Any graffiti painted or marked upon the premises or on any adjacent area under the control of the licensee(s)  as depicted on the most recently certified ABC-257 and ABC-253  shall be removed or painted over within 48 hours of being applied.,No Active Disciplinary Action found,Reg. Number:        14079851        Section:23804Section:24200(A&B)            Proceeding Status:            CLOSED                    Decision:            ALL STAYED,No Active Holds found,No Escrow found,,,N/A,,Cafe Fiore,https://www.cafefiore.net/,  restaurant |   food |   point_of_interest |   establishment,OPERATIONAL,P40,Y,1,CAFE FIORE,66 S CALIFORNIA ST   VENTURA  CA  93001,+1 805-653-1266,https://www.yelp.nl/biz/cafe-fiore-ventura?osq=CAFE+FIORE,,(805) 653-1266,https://cafefiore.net,3.6,,,,,,,,,,,47 - ON-SALE GENERAL EATING PLACE,,,,,,,,,,,66 CALIFORNIA INC,66 S CALIFORNIA ST,,VENTURA,CA,93001,,,,,,,,,,,,,,,,,,,,,,,,,,,,,,,,,,,,,,,,,,,True,True,False,False,False,True,False
11810,299649,CASBAH ROCK INC,10 - SAN DIEGO,CASBAH THE,2501 KETTNER BLVD   SAN DIEGO  CA  92101,SAN DIEGO,61.00,CASBAH ROCK INC,ACTIVE,,,,,CODE 8 - SELF-INCORPORATION - HISTORICAL VALUE,No Operating Restrictions found,No Active Disciplinary Action found,No Disciplinary History found.,No Active Holds found,No Escrow found,,,N/A,,Casbah,http://www.casbahmusic.com/,  point_of_interest |   establishment,OPERATIONAL,P40,Y,1,CASBAH THE,2501 KETTNER BLVD   SAN DIEGO  CA  92101,+1 619-232-4355,https://www.yelp.nl/biz/the-casbah-san-diego?osq=CASBAH+THE,,(619) 232-4355,https://casbahmusic.com,4.4,,,,,,,,,,,48 - ON-SALE GENERAL PUBLIC PREMISES,,,,,,,,,,,CASBAH ROCK INC,2501 KETTNER BLVD,,SAN DIEGO,CA,92101,,,,,,,,,,,,,,,,,,,,,,,,,,,,,,,,,,,,,,,,,,,True,True,False,False,False,True,False
11811,294323,A J CALOR INC,11 - SANTA ANA,EL CALOR,2916 W LINCOLN AVE   ANAHEIM  CA  92801,ORANGE,869.03,A J CALOR INC,ACTIVE,,,,,N/A,*Operating Restrictions exist. For more information  please see our Guidelines for Access to Records.,No Active Disciplinary Action found,Reg. Number:        97039493        Section:25663(a)Section:25658(a)Section:24200(a&b)            Proceeding Status:            CLOSED                    Decision:            POIC                        Suspension Days:            15                        Stayed Days:            5                        POIC/Fine:            3000,No Active Holds found,No Escrow found,,,N/A,,El Calor Mexican,,  night_club |   bar |   point_of_interest |   establishment,OPERATIONAL,P40,Y,1,EL CALOR,2916 W LINCOLN AVE   ANAHEIM  CA  92801,+1 714-527-8873,https://www.yelp.nl/biz/el-calor-mexican-restaurant-and-nightclub-anaheim?osq=EL+CALOR,,(714) 527-8873,not url,2.5,,,,,,,,,,,48 - ON-SALE GENERAL PUBLIC PREMISES,,,,,,,,,,,A J CALOR INC,2916 W LINCOLN AVE,,ANAHEIM,CA,92801-6245,,,,,,,,,,,,,,,,,,,,,,,,,,,,,,,,,,,,,,,,,,,True,True,False,False,False,True,False
11812,48514,LAS CASUELAS NUEVAS INC,08 - PALM DESERT,LAS CASUELAS NUEVAS,70050 HIGHWAY 111   RANCHO MIRAGE  CA  92270,RIVERSIDE,451.03,LAS CASUELAS NUEVAS INC,ACTIVE,,,,,N/A,*Operating Restrictions exist. For more information  please see our Guidelines for Access to Records.,No Active Disciplinary Action found,Reg. Number:        08068636        Section:25658(a)Section:24200(a)            Proceeding Status:            CLOSED                    Decision:            SUSPEND                        Suspension Days:            30                        Stayed Days:            15                        Suspension Start Date:            14-AUG-2008                        Suspension End Date:            28-AUG-2008,No Active Holds found,No Escrow found,,,N/A,,Las Casuelas Nuevas,http://www.lascasuelasnuevas.com/,  bar |   restaurant |   food |   point_of_interest |   establishment,OPERATIONAL,P0,Y,1,LAS CASUELAS NUEVAS,70050 HIGHWAY 111   RANCHO MIRAGE  CA  92270,+1 760-328-8844,https://www.yelp.nl/biz/las-casuelas-nuevas-rancho-mirage?osq=LAS+CASUELAS+NUEVAS,,(760) 328-8844,https://lascasuelasnuevas.com,3.4,,,,,,,,,,,47 - ON-SALE GENERAL EATING PLACE,,,,,,,,,,,LAS CASUELAS NUEVAS INC,70050 HIGHWAY 111,,RANCHO MIRAGE,CA,92270-2924,,,,,,,,,,,,,,,,,,,,,,,,,,,,,,,,,,,,,,,,,,,True,True,False,False,False,True,False
11813,361320,J PAR INC,10 - SAN DIEGO,BLUE AGAVE NIGHTCLUB,6608 MISSION GORGE RD   SAN DIEGO  CA  92120,SAN DIEGO,95.09,J PAR INC,ACTIVE,,,,,N/A,*Operating Restrictions exist. For more information  please see our Guidelines for Access to Records.,No Active Disciplinary Action found,No Disciplinary History found.,No Active Holds found,No Escrow found,,,N/A,,Blue Agave Night Club,,  night_club |   bar |   point_of_interest |   establishment,OPERATIONAL,P40,Y,1,BLUE AGAVE NIGHTCLUB,6608 MISSION GORGE RD   SAN DIEGO  CA  92120,+1 619-521-3194,,,,,,,,,,,,,,,,48 - ON-SALE GENERAL PUBLIC PREMISES,,,,,,,,,,,J PAR INC,6608 MISSION GORGE RD,,SAN DIEGO,CA,92120,,,,,,,,,,,,,,,,,,,,,,,,,,,,,,,,,,,,,,,,,,,True,True,False,False,False,True,False
11814,305347,KOROYAN  ARTHUR,21 - FRESNO,GEORGES BAR & GRILL,6680 N BLACKSTONE AVE   FRESNO  CA  93710,FRESNO,45.04,KOROYAN  ARTHUR,ACTIVE,,,,,N/A,No Operating Restrictions found,No Active Disciplinary Action found,No Disciplinary History found.,No Active Holds found,No Escrow found,,,N/A,,George's Bar & Grill,https://georgesbarandgrill.com/,  bar |   restaurant |   food |   point_of_interest |   establishment,OPERATIONAL,P40,Y,1,GEORGES BAR & GRILL,6680 N BLACKSTONE AVE   FRESNO  CA  93710,+1 559-436-1654,https://www.yelp.nl/biz/burger-king-fresno-15,,(559) 492-2985,https://burgerking.com,1.1,,,,,,,,,,,47 - ON-SALE GENERAL EATING PLACE,,,,,,,,,,,KOROYAN  ARTHUR,6680 N BLACKSTONE AVE,,FRESNO,CA,93710,,,,,,,,,,,,,,,,,,,,,,,,,,,,,,,,,,,,,,,,,,,True,True,False,False,False,True,False
11815,460770,,,,,,,,,,,,,,,,,,,,,,,,,,,,,,,,,,,,,,201731010254,,42 SOUTH PASADENA AVE,,,PASADENA,CA,United States,91105,Individual Agent,,,,,,,,,,,,,,,,,,,,,,,,,,,,,,,,,,,,,,,,,,,,A,JORDAN A NEDEFF,42 SOUTH PASADENA AVE,,,PASADENA,CA,United States,91105,Manager,-,-,-,-,-,-,False,False,True,True,False,True,True
11816,111763,LOBUE  LAWRENCE M,25 - SAN JOSE,SANTA TERESA GOLF CLUB,260 BERNAL RD   SAN JOSE  CA  95119,SANTA CLARA,5119.11,MCENERY  JOHN P III| LOBUE  VICTOR J JR| RAWITSER  MICHAEL| STAEDLER  RUDY| LOBUE  LAWRENCE M,ACTIVE,,,,,23824 CITY/COUNTY OWNED PROPERTY  PERS-PERS ONLY,No Operating Restrictions found,No Active Disciplinary Action found,No Disciplinary History found.,No Active Holds found,No Escrow found,,,N/A,,Santa Teresa Golf Club,http://www.santateresagolf.com/,  point_of_interest |   establishment,OPERATIONAL,P0,Y,1,SANTA TERESA GOLF CLUB,260 BERNAL RD   SAN JOSE  CA  95119,+1 408-225-2650,https://www.yelp.nl/biz/santa-teresa-golf-club-san-jose-5?osq=SANTA+TERESA+GOLF+CLUB,,(408) 225-2650,https://santateresagolf.com,3.1,,,,,,,,,,,47 - ON-SALE GENERAL EATING PLACE,,,,,,,,,,,LOBUE  LAWRENCE M,260 BERNAL RD,,SAN JOSE,CA,95119,,,,,,,,,,,,,,,,,,,,,,,,,,,,,,,,,,,,,,,,,,,True,True,False,False,False,True,False
11817,434270,,,,,,,,,,,,,,,,,,,,,,,,,,,,,,,,,,,,,,201731010254,,42 SOUTH PASADENA AVE,,,PASADENA,CA,United States,91105,Individual Agent,,,,,,,,,,,,,,,,,,,,,,,,,,,,,,,,,,,,,,,,,,,,A,JORDAN A NEDEFF,42 SOUTH PASADENA AVE,,,PASADENA,CA,United States,91105,Manager,-,-,-,-,-,-,False,False,True,True,False,True,True
11818,421031,GLENEAGLES GOLF PARTNERS L-PSHIP,24 - SAN FRANCISCO,GLENEAGLES GC AT MCLAREN PARK,2100 SUNNYDALE AVE   SAN FRANCISCO  CA  94134,SAN FRANCISCO,9805.01,GLENEAGLES GOLF PARTNERS L-PSHIP,ACTIVE,,,,,23824 CITY/COUNTY OWNED PROPERTY  PERS-PERS ONLY,No Operating Restrictions found,No Active Disciplinary Action found,No Disciplinary History found.,No Active Holds found,No Escrow found,,,N/A,,Gleneagles GC at McLaren Park,http://www.gleneaglesgolfsf.com/,  point_of_interest |   establishment,OPERATIONAL,P40,Y,1,GLENEAGLES GC AT MCLAREN PARK,2100 SUNNYDALE AVE   SAN FRANCISCO  CA  94134,+1 415-587-2425,,,,,,,,,,,,,,,,47 - ON-SALE GENERAL EATING PLACE,,,,,,,,,,,GLENEAGLES GOLF PARTNERS L-PSHIP,2100 SUNNYDALE AVE,,SAN FRANCISCO,CA,94134-2614,,,,,,,,,,,,,,,,,,,,,,,,,,,,,,,,,,,,,,,,,,,True,True,False,False,False,True,False
11819,151565,ELIOPOULOS  GUS,22 - CONCORD,ELIOS L RESTAURANT,260 FLORESTA BLVD   SAN LEANDRO  CA  94578,ALAMEDA,4332.00,ELIOPOULOS  GUS| ELIOPOULOS  LEFTY,ACTIVE,,,,,N/A,No Operating Restrictions found,No Active Disciplinary Action found,No Disciplinary History found.,No Active Holds found,No Escrow found,,,N/A,,Elios Family Restaurant,http://eliosdining.com/,  restaurant |   food |   point_of_interest |   establishment,OPERATIONAL,P40,Y,1,ELIOS L RESTAURANT,260 FLORESTA BLVD   SAN LEANDRO  CA  94578,+1 510-351-0463,,,,,,,,,,,,,,,,47 - ON-SALE GENERAL EATING PLACE,,,,,,,,,,,ELIOPOULOS  GUS,260 FLORESTA BLVD,,SAN LEANDRO,CA,94578,,,,,,,,,,,,,,,,,,,,,,,,,,,,,,,,,,,,,,,,,,,True,True,False,False,False,True,False
11820,386741,GOLDEN STATE CONCESSIONS AND CATERING INC,07 - RIVERSIDE,LAKE ELSINORE DIAMOND,500 DIAMOND DR   LAKE ELSINORE  CA  92530,RIVERSIDE,430.01,GOLDEN STATE CONCESSIONS AND CATERING INC,ACTIVE,,,,,23824 CITY/COUNTY OWNED PROPERTY  PERS-PERS ONLY,*Operating Restrictions exist. For more information  please see our Guidelines for Access to Records.,No Active Disciplinary Action found,No Disciplinary History found.,No Active Holds found,No Escrow found,,,N/A,,Diamond Stadium of Lake Elsinore,https://www.milb.com/lake-elsinore,  stadium |   point_of_interest |   establishment,OPERATIONAL,P40,Y,1,LAKE ELSINORE DIAMOND,500 DIAMOND DR   LAKE ELSINORE  CA  92530,+1 951-245-4487,https://www.yelp.nl/biz/lake-elsinore-storm-lake-elsinore-2?osq=LAKE+ELSINORE+DIAMOND,,(951) 245-4487,https://stormbaseball.com,3.9,,,,,,,,,,,47 - ON-SALE GENERAL EATING PLACE,,,,,,,,,,,GOLDEN STATE CONCESSIONS AND CATERING INC,500 DIAMOND DR,,LAKE ELSINORE,CA,92530-4457,,,,,,,,,,,,,,,,,,,,,,,,,,,,,,,,,,,,,,,,,,,True,True,False,False,False,True,False
11821,473085,DIVISADERO 500 LLC,24 - SAN FRANCISCO,MADRONE ART BAR,500 DIVISADERO ST   SAN FRANCISCO  CA  94117,SAN FRANCISCO,164.00,DIVISADERO 500 LLC,ACTIVE,,,,,N/A,Except as provided in Condition #2 below  no noise shall be audible beyond the area under the control of the licensee  as depicted on the most recently certified ABC-257. Any noise caused by entertainment or amplified sound that is subject to the provisions of an active Entertainment Permit issued by the San Francisco Entertainment Commission shall be authorized in accordance with the limits established by that Entertainment Permit  including any limitation on hours during which entertainment or amplified sound is permitted. A violation of the entertainment or amplified sound noise conditions of the Entertainment Permit  as determined by the San Francisco Entertainment Commission (or any successor agency)  shall be deemed to be a violation of this Condition. Any noise that is not subject to  or is beyond the scope of  the Entertainment Permit shall be subject to Condition #1 above. �Entertainment Permit� means any of the following: a Just Add Music permit  a Limited Live Performance permit  a Place of Entertainment permit  a Fixed Place Amplified Sound permit  or any similar such permit issued by the San Francisco Entertainment Commission. When there is live entertainment  the petitioner(s) shall provide security personnel after 9:00 p.m. on Fridays and Saturdays.  Said personnel shall maintain order therein; and prevent any activity that would interfere with the quiet enjoyment of their property by nearby residents.  Said personnel shall be clothed in such a manner as to be readily identifiable as security.,No Active Disciplinary Action found,No Disciplinary History found.,No Active Holds found,No Escrow found,,,N/A,,Madrone Art Bar,http://www.madroneartbar.com/,  bar |   night_club |   point_of_interest |   establishment,OPERATIONAL,P40,Y,1,MADRONE ART BAR,500 DIVISADERO ST   SAN FRANCISCO  CA  94117,+1 415-241-0202,https://www.yelp.nl/biz/madrone-art-bar-san-francisco?osq=MADRONE+ART+BAR,,(415) 241-0202,https://madroneartbar.com,3.6,200825410134,,502 DIVISADERO STREET,,,SAN FRANCISCO,CA,United States,94117,Individual Agent,48 - ON-SALE GENERAL PUBLIC PREMISES,,,,,,,,,,,DIVISADERO 500 LLC,500 DIVISADERO ST,,SAN FRANCISCO,CA,94117-2213,,,,,,,,,,,,,,,,,,,,,,,,,,Michael,JOSEPH,Krouse,502 Divisadero Street,,,San Francisco,CA,United States,94117,Manager,Chief Executive Officer,-,-,-,-,-,True,True,True,True,False,True,True
11822,120063,,,,,,,,,,,,,,,,,,,,,,,,,,,,,,,,,,,,,,201731010254,,42 SOUTH PASADENA AVE,,,PASADENA,CA,United States,91105,Individual Agent,,,,,,,,,,,,,,,,,,,,,,,,,,,,,,,,,,,,,,,,,,,,A,JORDAN A NEDEFF,42 SOUTH PASADENA AVE,,,PASADENA,CA,United States,91105,Manager,-,-,-,-,-,-,False,False,True,True,False,True,True
11823,408401,,,,,,,,,,,,,,,,,,,,,,,,,,,,,,,,,,,,,,201731010254,,42 SOUTH PASADENA AVE,,,PASADENA,CA,United States,91105,Individual Agent,,,,,,,,,,,,,,,,,,,,,,,,,,,,,,,,,,,,,,,,,,,,A,JORDAN A NEDEFF,42 SOUTH PASADENA AVE,,,PASADENA,CA,United States,91105,Manager,-,-,-,-,-,-,False,False,True,True,False,True,True
11824,457298,DERBY RESTAURANT ARCADIA INC,02 - MONROVIA,DERBY RESTAURANT,233 E HUNTINGTON DR   ARCADIA  CA  91006,LOS ANGELES,4308.01,DERBY RESTAURANT ARCADIA INC,ACTIVE,,,,,N/A,*Operating Restrictions exist. For more information  please see our Guidelines for Access to Records.,No Active Disciplinary Action found,No Disciplinary History found.,No Active Holds found,No Escrow found,,,N/A,,The Derby,https://www.thederbyarcadia.com/,  restaurant |   food |   point_of_interest |   establishment,OPERATIONAL,P40,Y,1,DERBY RESTAURANT,233 E HUNTINGTON DR   ARCADIA  CA  91006,+1 626-447-2430,https://www.yelp.nl/biz/the-derby-arcadia?osq=DERBY+RESTAURANT,,(626) 631-2516,https://thederbyarcadia.com,4.3,,,,,,,,,,,47 - ON-SALE GENERAL EATING PLACE,,,,,,,,,,,DERBY RESTAURANT ARCADIA INC,233 E HUNTINGTON DR,,ARCADIA,CA,91006-3745,,,,,,,,,,,,,,,,,,,,,,,,,,,,,,,,,,,,,,,,,,,True,True,False,False,False,True,False
11825,322889,CAPO L-PSHIP,03 - LB/LAKEWOOD,CAPO,1810 OCEAN AVE   SANTA MONICA  CA  90401,LOS ANGELES,7019.02,CAPO L-PSHIP,ACTIVE,,,,,N/A,*Operating Restrictions exist. For more information  please see our Guidelines for Access to Records.,No Active Disciplinary Action found,No Disciplinary History found.,No Active Holds found,No Escrow found,,,N/A,,Capo,http://www.caporestaurant.com/,  bar |   restaurant |   food |   point_of_interest |   establishment,OPERATIONAL,P40,Y,1,CAPO,1810 OCEAN AVE   SANTA MONICA  CA  90401,+1 310-394-5550,https://www.yelp.nl/biz/capo-santa-monica?osq=CAPO,,(310) 394-5550,https://caporestaurant.com,3.9,,,,,,,,,,,47 - ON-SALE GENERAL EATING PLACE,,,,,,,,,,,CAPO L-PSHIP,1810 OCEAN AVE,,SANTA MONICA,CA,90401,,,,,,,,,,,,,,,,,,,,,,,,,,,,,,,,,,,,,,,,,,,True,True,False,False,False,True,False
11826,340125,THREE GROUP INC,04 - LA/METRO,CRAZY GIRLS,1433 N LA BREA AVE   LOS ANGELES  CA  90028,LOS ANGELES,1899.06,THREE GROUP INC,DEPARTMENT REVOKED,,,,,N/A,*Operating Restrictions exist. For more information  please see our Guidelines for Access to Records.,No Active Disciplinary Action found,Reg. Number:        21091400        Section:CCR 4  1  143.2(3)/ CCR 143.3(1)(A)(C)Section:PC 647(B)Section:23804Section:CCR 4  1  143Section:HSC 11350Section:11362.3(A)(1)             Proceeding Status:            CLOSED                    Decision:            REVOKED                        Suspension Start Date:            26-SEP-2024,No Active Holds found,No Escrow found,,,N/A,,Crazy Girls,https://crazygirlshollywood.club/,  night_club |   point_of_interest |   establishment,OPERATIONAL,P40,Y,1,CRAZY GIRLS,1433 N LA BREA AVE   LOS ANGELES  CA  90028,+1 818-441-2869,https://www.yelp.nl/biz/crazy-girls-los-angeles-3?osq=CRAZY+GIRLS,,(213) 687-4244,https://crazygirlshollywood.club,3.6,,,,,,,,,,,48 - ON-SALE GENERAL PUBLIC PREMISES,,,,,,,,,,,THREE GROUP INC,1433 N LA BREA AVE,,LOS ANGELES,CA,90028,,,,,,,,,,,,,,,,,,,,,,,,,,,,,,,,,,,,,,,,,,,True,True,False,False,False,True,False
11827,480103,,,,,,,,,,,,,,,,,,,,,,,,,,,,,,,,,,,,,,201731010254,,42 SOUTH PASADENA AVE,,,PASADENA,CA,United States,91105,Individual Agent,,,,,,,,,,,,,,,,,,,,,,,,,,,,,,,,,,,,,,,,,,,,A,JORDAN A NEDEFF,42 SOUTH PASADENA AVE,,,PASADENA,CA,United States,91105,Manager,-,-,-,-,-,-,False,False,True,True,False,True,True
11828,465565,CARRANCO  JOSE E,27 - SANTA ROSA,LAGUNA,15204 LAKESHORE DR # 3  CLEARLAKE  CA  95422,LAKE,8.02,DECARRANCO  ARCELIA RINCON| CARRANCO  JOSE E,ACTIVE,,,,,N/A,No Operating Restrictions found,No Active Disciplinary Action found,Reg. Number:        10072406        Section:23402Section:24200(a&b)            Proceeding Status:            CLOSED                    Decision:            POIC                        Suspension Days:            15,No Active Holds found,No Escrow found,,,N/A,,15204 Lakeshore Dr #3,,  subpremise,,P0,Y,1,LAGUNA,15204 LAKESHORE DR # 3  CLEARLAKE  CA  95422,,https://www.yelp.nl/biz/pine-dell-resort-and-store-clearlake?osq=LAGUNA,,(707) 994-2227,https://pinedellrvpark.com,3.8,,,,,,,,,,,47 - ON-SALE GENERAL EATING PLACE,,,,,,,,,,,CARRANCO  JOSE E,15204 LAKESHORE DR,# 3,CLEARLAKE,CA,95422-8107,,,,,,,,,,,,,,,,,,,,,,,,,,,,,,,,,,,,,,,,,,,True,True,False,False,False,True,False
11829,376502,GLOBAL INVESTMENTS & INTERNATIONAL HOLDING LLC,02 - MONROVIA,MONTANAS,657 W ARROW HWY   SAN DIMAS  CA  91773,LOS ANGELES,4013.11,GLOBAL INVESTMENTS & INTERNATIONAL HOLDING LLC,ACTIVE,,,,,N/A,*Operating Restrictions exist. For more information  please see our Guidelines for Access to Records.,No Active Disciplinary Action found,No Disciplinary History found.,No Active Holds found,No Escrow found,,,N/A,,Montana's,http://www.montanas-countrynightclub.com/,  night_club |   bar |   point_of_interest |   establishment,OPERATIONAL,P20,Y,1,MONTANAS,657 W ARROW HWY   SAN DIMAS  CA  91773,+1 909-592-2211,https://www.yelp.nl/biz/montanas-country-night-club-san-dimas?osq=MONTANAS,,(909) 592-2211,https://montanas-countrynightclub.com,3.1,,,,,,,,,,,48 - ON-SALE GENERAL PUBLIC PREMISES,,,,,,,,,,,GLOBAL INVESTMENTS & INTERNATIONAL HOLDING LLC,657 W ARROW HWY,,SAN DIMAS,CA,91773,,,,,,,,,,,,,,,,,,,,,,,,,,,,,,,,,,,,,,,,,,,True,True,False,False,False,True,False
11830,270920,MASADA  JAMIE CHAIM,04 - LA/METRO,LAUGH FACTORY,8001 W SUNSET BLVD   WEST HOLLYWOOD  CA  90046,LOS ANGELES,1898.01,MASADA  JAMIE CHAIM,ACTIVE,,,,,N/A,*Operating Restrictions exist. For more information  please see our Guidelines for Access to Records.,No Active Disciplinary Action found,No Disciplinary History found.,No Active Holds found,No Escrow found,,,N/A,,Laugh Factory,http://www.laughfactory.com/,  bar |   night_club |   point_of_interest |   establishment,OPERATIONAL,P20,Y,1,LAUGH FACTORY,8001 W SUNSET BLVD   WEST HOLLYWOOD  CA  90046,+1 323-656-1336,https://www.yelp.nl/biz/chocolate-sundaes-comedy-show-west-hollywood?osq=LAUGH+FACTORY,,(424) 248-9325,https://chocolatesundaes.com,4.3,,,,,,,,,,,47 - ON-SALE GENERAL EATING PLACE,,,,,,,,,,,MASADA  JAMIE CHAIM,8001 W SUNSET BLVD,,WEST HOLLYWOOD,CA,90046,,,,,,,,,,,,,,,,,,,,,,,,,,,,,,,,,,,,,,,,,,,True,True,False,False,False,True,False
11831,282417,,,,,,,,,,,,,,,,,,,,,,,,,,,,,,,,,,,,,,201731010254,,42 SOUTH PASADENA AVE,,,PASADENA,CA,United States,91105,Individual Agent,,,,,,,,,,,,,,,,,,,,,,,,,,,,,,,,,,,,,,,,,,,,A,JORDAN A NEDEFF,42 SOUTH PASADENA AVE,,,PASADENA,CA,United States,91105,Manager,-,-,-,-,-,-,False,False,True,True,False,True,True
11832,60586,HASSAL INC,04 - LA/METRO,FUBAR,7994 SANTA MONICA BLVD   WEST HOLLYWOOD  CA  90046,LOS ANGELES,7002.00,HASSAL INC,AUTO REVOKED,,,,,N/A,*Operating Restrictions exist. For more information  please see our Guidelines for Access to Records.,No Active Disciplinary Action found,No Disciplinary History found.,Hold Type:                    FRANCHISE TAX HOLD                    Hold Date:                    25-JAN-2008                                        Hold Type:                    BOARD OF EQUALIZATION HOLD                    Hold Date:                    12-APR-2018,No Escrow found,,,48-607888,,Fubar,,  bar |   point_of_interest |   establishment,CLOSED_PERMANENTLY,P20,Y,1,FUBAR,7994 SANTA MONICA BLVD   WEST HOLLYWOOD  CA  90046,+1 323-654-0396,,,,,,,,,,,,,,,,48 - ON-SALE GENERAL PUBLIC PREMISES,,,,,,,,,,,HASSAL INC,7994 SANTA MONICA BLVD,,WEST HOLLYWOOD,CA,90046-5109,,,,,,,,,,,,,,,,,,,,,,,,,,,,,,,,,,,,,,,,,,,True,True,False,False,False,True,False
11833,111923,MARTINEZ  RUTH,29 - LODI,EL RANCHITO INC,3048 ATCHISON ST   RIVERBANK  CA  95367,STANISLAUS,3.01,TINAJERO  ANA| TINAJERO  GEORGE| MARTINEZ  RUTH| TINAJERO  CARLOS,ACTIVE,,,,,N/A,No Operating Restrictions found,No Active Disciplinary Action found,No Disciplinary History found.,No Active Holds found,No Escrow found,,,N/A,,El Ranchito,,  restaurant |   food |   point_of_interest |   establishment,OPERATIONAL,P20,Y,1,EL RANCHITO INC,3048 ATCHISON ST   RIVERBANK  CA  95367,+1 209-869-0196,,,,,,,,,,,,,,,,47 - ON-SALE GENERAL EATING PLACE,,,,,,,,,,,MARTINEZ  RUTH,3048 ATCHISON ST,,RIVERBANK,CA,95367,,,,,,,,,,,,,,,,,,,,,,,,,,,,,,,,,,,,,,,,,,,True,True,False,False,False,True,False
11834,442329,,,,,,,,,,,,,,,,,,,,,,,,,,,,,,,,,,,,,,201731010254,,42 SOUTH PASADENA AVE,,,PASADENA,CA,United States,91105,Individual Agent,,,,,,,,,,,,,,,,,,,,,,,,,,,,,,,,,,,,,,,,,,,,A,JORDAN A NEDEFF,42 SOUTH PASADENA AVE,,,PASADENA,CA,United States,91105,Manager,-,-,-,-,-,-,False,False,True,True,False,True,True
11835,253112,MIAO  HSIAO YEN,21 - FRESNO,FU HAI RESTAURANT,1704 E BELMONT AVE   FRESNO  CA  93701,FRESNO,6.02,MIAO  TIEN YUNG| MIAO  HSIAO YEN,ACTIVE,,,,,N/A,No Operating Restrictions found,No Active Disciplinary Action found,Reg. Number:        98042305        Section:23402Section:24200(a&b)            Proceeding Status:            CLOSED                    Decision:            SUSPEND                        Suspension Days:            10                        Stayed Days:            0                        Suspension Start Date:            17-FEB-1998                        Suspension End Date:            26-FEB-1998,No Active Holds found,No Escrow found,,,48-631842,,Fu Hai Restaurant,,  restaurant |   food |   point_of_interest |   establishment,CLOSED_PERMANENTLY,P40,Y,1,FU HAI RESTAURANT,1704 E BELMONT AVE   FRESNO  CA  93701,+1 559-233-7797,https://www.yelp.nl/biz/fu-hai-restaurant-fresno?osq=FU+HAI+RESTAURANT,,(559) 233-7797,not url,Restaurants,,,,,,,,,,,47 - ON-SALE GENERAL EATING PLACE,,,,,,,,,,,MIAO  HSIAO YEN,1704 E BELMONT AVE,,FRESNO,CA,93701,,,,,,,,,,,,,,,,,,,,,,,,,,,,,,,,,,,,,,,,,,,True,True,False,False,False,True,False
11836,397085,,,,,,,,,,,,,,,,,,,,,,,,,,,,,,,,,,,,,,201731010254,,42 SOUTH PASADENA AVE,,,PASADENA,CA,United States,91105,Individual Agent,,,,,,,,,,,,,,,,,,,,,,,,,,,,,,,,,,,,,,,,,,,,A,JORDAN A NEDEFF,42 SOUTH PASADENA AVE,,,PASADENA,CA,United States,91105,Manager,-,-,-,-,-,-,False,False,True,True,False,True,True
11837,400007,,,,,,,,,,,,,,,,,,,,,,,,,,,,,,,,,,,,,,201731010254,,42 SOUTH PASADENA AVE,,,PASADENA,CA,United States,91105,Individual Agent,,,,,,,,,,,,,,,,,,,,,,,,,,,,,,,,,,,,,,,,,,,,A,JORDAN A NEDEFF,42 SOUTH PASADENA AVE,,,PASADENA,CA,United States,91105,Manager,-,-,-,-,-,-,False,False,True,True,False,True,True
11838,258498,BERGER  CHERYL,22 - CONCORD,CLARION SUITES LAKE MERRITT HOTEL,1800 MADISON ST   OAKLAND  CA  94612,ALAMEDA,4034.01,BERGER  RANDALL| BERGER  CHERYL,ACTIVE,,,,,N/A,*Operating Restrictions exist. For more information  please see our Guidelines for Access to Records.,No Active Disciplinary Action found,No Disciplinary History found.,No Active Holds found,No Escrow found,,,N/A,,The Lake Merritt Apartments,http://www.thelakemerrittapts.com/,  point_of_interest |   establishment,OPERATIONAL,P40,Y,1,CLARION SUITES LAKE MERRITT HOTEL,1800 MADISON ST   OAKLAND  CA  94612,+1 510-603-5733,,,,,,,,,,,,,,,,47 - ON-SALE GENERAL EATING PLACE,,,,,,,,,,,BERGER  CHERYL,1800 MADISON ST,,OAKLAND,CA,94612,,,,,,,,,,,,,,,,,,,,,,,,,,,,,,,,,,,,,,,,,,,True,True,False,False,False,True,False
11839,395187,CORRENTI BOYS INC,24 - SAN FRANCISCO,TRATTORIA CONTADINA RESTAURANT,1800 MASON ST   SAN FRANCISCO  CA  94133,SAN FRANCISCO,107.02,CORRENTI BOYS INC,ACTIVE,,,,,N/A,*Operating Restrictions exist. For more information  please see our Guidelines for Access to Records.,No Active Disciplinary Action found,No Disciplinary History found.,Hold Type:                    BOARD OF EQUALIZATION HOLD                    Hold Date:                    29-DEC-2020,No Escrow found,,,N/A,,Trattoria Contadina,http://www.trattoriacontadina.com/,  bar |   restaurant |   food |   point_of_interest |   establishment,OPERATIONAL,P40,Y,1,TRATTORIA CONTADINA RESTAURANT,1800 MASON ST   SAN FRANCISCO  CA  94133,+1 415-982-5728,https://www.yelp.nl/biz/trattoria-contadina-san-francisco?osq=TRATTORIA+CONTADINA+RESTAURANT,,(415) 982-5728,https://trattoriacontadina.com,4.2,,,,,,,,,,,47 - ON-SALE GENERAL EATING PLACE,,,,,,,,,,,CORRENTI BOYS INC,1800 MASON ST,,SAN FRANCISCO,CA,94133-2711,,,,,,,,,,,,,,,,,,,,,,,,,,,,,,,,,,,,,,,,,,,True,True,False,False,False,True,False
11840,330059,,,,,,,,,,,,,,,,,,,,,,,,,,,,,,,,,,,,,,201731010254,,42 SOUTH PASADENA AVE,,,PASADENA,CA,United States,91105,Individual Agent,,,,,,,,,,,,,,,,,,,,,,,,,,,,,,,,,,,,,,,,,,,,A,JORDAN A NEDEFF,42 SOUTH PASADENA AVE,,,PASADENA,CA,United States,91105,Manager,-,-,-,-,-,-,False,False,True,True,False,True,True
11841,456082,PLATA ENTERTAINMENT LLC,04 - LA/METRO,BACKROOM THE,8788 W SUNSET BLVD   WEST HOLLYWOOD  CA  90069,LOS ANGELES,7005.02,PLATA ENTERTAINMENT LLC,ACTIVE,,,,,N/A,*Operating Restrictions exist. For more information  please see our Guidelines for Access to Records.,No Active Disciplinary Action found,No Disciplinary History found.,No Active Holds found,No Escrow found,,,N/A,,The Backroom,https://statesocialhouse.com/,  bar |   restaurant |   food |   point_of_interest |   store |   establishment,OPERATIONAL,P20,Y,1,BACKROOM THE,8788 W SUNSET BLVD   WEST HOLLYWOOD  CA  90069,+1 310-657-8100,https://www.yelp.nl/biz/state-social-house-west-hollywood-2?osq=BACKROOM+THE,,(310) 657-8100,https://statesocialhouse.com,3.6,,,,,,,,,,,47 - ON-SALE GENERAL EATING PLACE,,,,,,,,,,,PLATA ENTERTAINMENT LLC,8788 W SUNSET BLVD,,WEST HOLLYWOOD,CA,90069-2206,,,,,,,,,,,,,,,,,,,,,,,,,,,,,,,,,,,,,,,,,,,True,True,False,False,False,True,False
11842,351053,VARUJ LLC,11 - SANTA ANA,BAYSIDE RESTAURANT,900 BAYSIDE DR   NEWPORT BEACH  CA  92660,ORANGE,630.04,VARUJ LLC,ACTIVE,,,,,N/A,*Operating Restrictions exist. For more information  please see our Guidelines for Access to Records.,No Active Disciplinary Action found,No Disciplinary History found.,No Active Holds found,No Escrow found,,,N/A,,Bayside Restaurant,https://www.baysiderestaurant.com/,  restaurant |   bar |   food |   point_of_interest |   establishment,OPERATIONAL,P40,Y,1,BAYSIDE RESTAURANT,900 BAYSIDE DR   NEWPORT BEACH  CA  92660,+1 949-721-1222,https://www.yelp.nl/biz/bayside-restaurant-newport-beach-2?osq=BAYSIDE+RESTAURANT,,(949) 721-1222,https://baysiderestaurant.com,3.7,199718410022,,900 BAYSIDE DRIVE,,,NEWPORT BEACH,CA,United States,92660,Individual Agent,47 - ON-SALE GENERAL EATING PLACE,,,,,,,,,,,VARUJ LLC,900 BAYSIDE DR,,NEWPORT BEACH,CA,92660,,,,,,,,,,,,,,,,,,,,,,,,,,,,MARC GHOUKASSIAN,P.O. BOX 12464,,,NEWPORT BEACH,CA,United States,92658,Manager,-,-,-,-,-,-,True,True,True,True,False,True,True
11843,247316,,,,,,,,,,,,,,,,,,,,,,,,,,,,,,,,,,,,,,201731010254,,42 SOUTH PASADENA AVE,,,PASADENA,CA,United States,91105,Individual Agent,,,,,,,,,,,,,,,,,,,,,,,,,,,,,,,,,,,,,,,,,,,,A,JORDAN A NEDEFF,42 SOUTH PASADENA AVE,,,PASADENA,CA,United States,91105,Manager,-,-,-,-,-,-,False,False,True,True,False,True,True
11844,45344,MI CASA COSTA MESA INC,11 - SANTA ANA,MI CASA MEXICAN RESTAURANT,296 E 17TH ST   COSTA MESA  CA  92627,ORANGE,633.01,MI CASA COSTA MESA INC,ACTIVE,,,,,N/A,No Operating Restrictions found,No Active Disciplinary Action found,No Disciplinary History found.,No Active Holds found,No Escrow found,,,N/A,,Mi Casa,https://www.micasa1.com/,  restaurant |   food |   point_of_interest |   establishment,OPERATIONAL,P40,Y,1,MI CASA MEXICAN RESTAURANT,296 E 17TH ST   COSTA MESA  CA  92627,+1 949-645-7626,https://www.yelp.nl/biz/playa-mesa-costa-mesa,,(949) 287-5292,https://playamesa.com,4.4,,,,,,,,,,,47 - ON-SALE GENERAL EATING PLACE,,,,,,,,,,,MI CASA COSTA MESA INC,296 E 17TH ST,,COSTA MESA,CA,92627,,,,,,,,,,,,,,,,,,,,,,,,,,,,,,,,,,,,,,,,,,,True,True,False,False,False,True,False
11845,428062,ALLEN  HYE KYUNG,22 - CONCORD,YOSHINO SUSHI RESTAURANT,296 HEGENBERGER RD   OAKLAND  CA  94621,ALAMEDA,4090.00,KIM  JOSEPH| ALLEN  HYE KYUNG,ACTIVE,,,,,N/A,No Operating Restrictions found,No Active Disciplinary Action found,No Disciplinary History found.,Hold Type:                    FRANCHISE TAX HOLD                    Hold Date:                    28-NOV-2016,No Escrow found,,,N/A,,Yoshino Sushi,,  night_club |   bar |   restaurant |   food |   point_of_interest |   establishment,CLOSED_TEMPORARILY,P40,Y,1,YOSHINO SUSHI RESTAURANT,296 HEGENBERGER RD   OAKLAND  CA  94621,+1 510-430-2552,https://www.yelp.nl/biz/yoshino-sushi-oakland?osq=YOSHINO+SUSHI+RESTAURANT,,(510) 430-2552,not url,3,,,,,,,,,,,47 - ON-SALE GENERAL EATING PLACE,,,,,,,,,,,ALLEN  HYE KYUNG,296 HEGENBERGER RD,,OAKLAND,CA,94621,,,,,,,,,,,,,,,,,,,,,,,,,,,,,,,,,,,,,,,,,,,True,True,False,False,False,True,False
11846,319982,PEEL  F GERALD,12 - VENTURA,CROWN & ANCHOR,2889-91 E THOUSAND OAKS BLVD   THOUSAND OAKS  CA  91362,VENTURA,71.00,PEEL  MARGARET W| PEEL  F GERALD,ACTIVE,,,,,N/A,No Operating Restrictions found,No Active Disciplinary Action found,Reg. Number:        00049513        Section:25658(a)Section:24200(a)            Proceeding Status:            CLOSED                    Decision:            POIC                        Suspension Days:            15                        POIC/Fine:            3000,No Active Holds found,No Escrow found,,,N/A,,2889 E Thousand Oaks Blvd,,  street_address,,P40,Y,1,CROWN & ANCHOR,2889-91 E THOUSAND OAKS BLVD   THOUSAND OAKS  CA  91362,,,,,,,,,,,,,,,,,47 - ON-SALE GENERAL EATING PLACE,,,,,,,,,,,PEEL  F GERALD,2889-91 E THOUSAND OAKS BLVD,,THOUSAND OAKS,CA,91362,,,,,,,,,,,,,,,,,,,,,,,,,,,,,,,,,,,,,,,,,,,True,True,False,False,False,True,False
11847,481256,CASA GRANDE EVENTS LLC,04 - LA/METRO,PARAMOUNT THE,2706-08 CESAR E CHAVEZ AVE   LOS ANGELES  CA  90033,LOS ANGELES,2042.00,CASA GRANDE EVENTS LLC,ACTIVE,,,,,INTERCOUNTY PRIORITIES  NO SALE 5 YEARS,*Operating Restrictions exist. For more information  please see our Guidelines for Access to Records.,No Active Disciplinary Action found,No Disciplinary History found.,Hold Type:                    BOARD OF EQUALIZATION HOLD                    Hold Date:                    17-NOV-2021,No Escrow found,,,N/A,,The Paramount,http://www.paramountla.com/,  night_club |   bar |   restaurant |   food |   point_of_interest |   establishment,OPERATIONAL,P40,Y,1,PARAMOUNT THE,2706-08 CESAR E CHAVEZ AVE   LOS ANGELES  CA  90033,+1 323-262-9300,https://www.yelp.nl/biz/the-paramount-los-angeles?osq=PARAMOUNT+THE,,(323) 262-9300,https://paramountla.com,4.1,,,,,,,,,,,47 - ON-SALE GENERAL EATING PLACE,,,,,,,,,,,CASA GRANDE EVENTS LLC,2706-08 CESAR E CHAVEZ AVE,,LOS ANGELES,CA,90033-3106,,,,,,,,,,,,,,,,,,,,,,,,,,,,,,,,,,,,,,,,,,,True,True,False,False,False,True,False
11848,428045,,,,,,,,,,,,,,,,,,,,,,,,,,,,,,,,,,,,,,201731010254,,42 SOUTH PASADENA AVE,,,PASADENA,CA,United States,91105,Individual Agent,,,,,,,,,,,,,,,,,,,,,,,,,,,,,,,,,,,,,,,,,,,,A,JORDAN A NEDEFF,42 SOUTH PASADENA AVE,,,PASADENA,CA,United States,91105,Manager,-,-,-,-,-,-,False,False,True,True,False,True,True
11849,437887,CLAREMONT STAR L-PSHIP,02 - MONROVIA,DOUBLE TREE HOTEL OF CLAREMONT,415-555 W FOOTHILL BLVD   CLAREMONT  CA  91711,LOS ANGELES,4018.02,CLAREMONT STAR L-PSHIP,ACTIVE,,,,,N/A,No Operating Restrictions found,No Active Disciplinary Action found,Reg. Number:        09071504        Section:25658(a)Section:24200(a&b)            Proceeding Status:            CLOSED                    Decision:            POIC                        Suspension Days:            15                        POIC/Fine:            3000,No Active Holds found,No Escrow found,,,N/A,,DoubleTree by Hilton Hotel Claremont,https://www.hilton.com/en/hotels/ontcldt-doubletree-claremont/?SEO_id=GMB-AMER-DT-ONTCLDT&y_source=1_MTM3MjY3NS03MTUtbG9jYXRpb24ud2Vic2l0ZQ%3D%3D,  lodging |   point_of_interest |   establishment,OPERATIONAL,P20,Y,1,DOUBLE TREE HOTEL OF CLAREMONT,415-555 W FOOTHILL BLVD   CLAREMONT  CA  91711,+1 909-626-2411,https://www.yelp.nl/biz/doubletree-by-hilton-hotel-claremont-claremont?osq=DOUBLE+TREE+HOTEL+OF+CLAREMONT,,(909) 626-2411,https://hilton.com,3.4,,,,,,,,,,,47 - ON-SALE GENERAL EATING PLACE,,,,,,,,,,,CLAREMONT STAR L-PSHIP,415-555 W FOOTHILL BLVD,,CLAREMONT,CA,91711-2766,,,,,,,,,,,,,,,,,,,,,,,,,,,,,,,,,,,,,,,,,,,True,True,False,False,False,True,False
11850,352352,NORTH END ENTERTAINMENT LLC,03 - LB/LAKEWOOD,NORTH END BAR AND GRILL,2626 HERMOSA AVE   HERMOSA BEACH  CA  90254,LOS ANGELES,6210.05,NORTH END ENTERTAINMENT LLC,ACTIVE,,,,,N/A,*Operating Restrictions exist. For more information  please see our Guidelines for Access to Records.,No Active Disciplinary Action found,Reg. Number:        08068861        Section:25658(a)Section:24200(a&b)            Proceeding Status:            CLOSED                    Decision:            POIC                        Suspension Days:            15                        POIC/Fine:            3000,No Active Holds found,No Escrow found,,,N/A,,North End Bar & Grill,http://www.northendbar.com/,  bar |   restaurant |   food |   point_of_interest |   establishment,OPERATIONAL,P0,Y,1,NORTH END BAR AND GRILL,2626 HERMOSA AVE   HERMOSA BEACH  CA  90254,+1 310-379-5379,https://www.yelp.nl/biz/north-end-bar-and-grill-hermosa-beach?osq=NORTH+END+BAR+AND+GRILL,,(310) 379-5379,https://northendbar.com,4,,,,,,,,,,,47 - ON-SALE GENERAL EATING PLACE,,,,,,,,,,,NORTH END ENTERTAINMENT LLC,2626 HERMOSA AVE,,HERMOSA BEACH,CA,90254,,,,,,,,,,,,,,,,,,,,,,,,,,,,,,,,,,,,,,,,,,,True,True,False,False,False,True,False
11851,444199,KAMBO  JAGDEEP SINGH,10 - SAN DIEGO,ROYAL INDIA,329 MARKET ST   SAN DIEGO  CA  92101,SAN DIEGO,54.03,KAMBO  JAGDEEP SINGH| KAMBO  SANDEEP SINGH,ACTIVE,,,,,N/A,*Operating Restrictions exist. For more information  please see our Guidelines for Access to Records.,No Active Disciplinary Action found,No Disciplinary History found.,No Active Holds found,No Escrow found,,,N/A,,Royal India - San Diego,http://www.royalindia.com/,  restaurant |   food |   point_of_interest |   establishment,OPERATIONAL,P40,Y,1,ROYAL INDIA,329 MARKET ST   SAN DIEGO  CA  92101,+1 619-269-9999,,,,,,,,,,,,,,,,47 - ON-SALE GENERAL EATING PLACE,,,,,,,,,,,KAMBO  JAGDEEP SINGH,329 MARKET ST,,SAN DIEGO,CA,92101,,,,,,,,,,,,,,,,,,,,,,,,,,,,,,,,,,,,,,,,,,,True,True,False,False,False,True,False
11852,370628,STERLING  LANCE,05 - VAN NUYS,CANYON CLUB,28912 ROADSIDE DR   AGOURA HILLS  CA  91301,LOS ANGELES,8003.36,STERLING  LANCE,ACTIVE,,,,,N/A,*Operating Restrictions exist. For more information  please see our Guidelines for Access to Records.,No Active Disciplinary Action found,No Disciplinary History found.,Hold Type:                    FRANCHISE TAX HOLD                    Hold Date:                    18-DEC-2017,No Escrow found,,,47-588313  47-588315,,The Canyon - Agoura Hills,http://wheremusicmeetsthesoul.com/canyon-agoura-hills/,  night_club |   restaurant |   food |   point_of_interest |   establishment,OPERATIONAL,P0,Y,1,CANYON CLUB,28912 ROADSIDE DR   AGOURA HILLS  CA  91301,+1 888-645-5006,https://www.yelp.nl/biz/the-canyon-agoura-hills-agoura-hills?osq=CANYON+CLUB,,(888) 645-5006,https://wheremusicmeetsthesoul.com,2.5,,,,,,,,,,,47 - ON-SALE GENERAL EATING PLACE,,,,,,,,,,,STERLING  LANCE,28912 ROADSIDE DR,,AGOURA HILLS,CA,91301-3304,,,,,,,,,,,,,,,,,,,,,,,,,,,,,,,,,,,,,,,,,,,True,True,False,False,False,True,False
11853,329427,ANDERSON  ALMA L,22 - CONCORD,OAK DOOR INC.,3062 PACIFIC AVE   LIVERMORE  CA  94550,ALAMEDA,4515.01,ANDERSON  ALMA L,ACTIVE,,,,,N/A,No Operating Restrictions found,No Active Disciplinary Action found,Reg. Number:        16083892        Section:25658(A)            Proceeding Status:            CLOSED                    Decision:            ALL STAYED                        Suspension Days:            10                        Stayed Days:            10,No Active Holds found,No Escrow found,,,N/A,,The Oak Door,https://www.yellowpages.com/livermore-ca/mip/the-oak-door-4526701,  bar |   point_of_interest |   establishment,OPERATIONAL,P40,Y,1,OAK DOOR INC.,3062 PACIFIC AVE   LIVERMORE  CA  94550,,,,,,,,,,,,,,,,,48 - ON-SALE GENERAL PUBLIC PREMISES,,,,,,,,,,,ANDERSON  ALMA L,3062 PACIFIC AVE,,LIVERMORE,CA,94550,,,,,,,,,,,,,,,,,,,,,,,,,,,,,,,,,,,,,,,,,,,True,True,False,False,False,True,False
11854,470028,CARVER DEAN LLC,25 - SAN JOSE,ORCHID ROOM,678 LAUREL ST   SAN CARLOS  CA  94070,SAN MATEO,6092.02,CARVER DEAN LLC,ACTIVE,,,,,N/A,No Operating Restrictions found,No Active Disciplinary Action found,No Disciplinary History found.,No Active Holds found,No Escrow found,,,N/A,,Orchid Room,https://www.facebook.com/pages/Orchid-Room/532029286959670,  bar |   point_of_interest |   establishment,OPERATIONAL,P20,Y,1,ORCHID ROOM,678 LAUREL ST   SAN CARLOS  CA  94070,+1 650-592-7696,https://www.yelp.nl/biz/orchid-room-san-carlos?osq=ORCHID+ROOM,,(650) 592-7696,not url,3.6,,,,,,,,,,,48 - ON-SALE GENERAL PUBLIC PREMISES,,,,,,,,,,,CARVER DEAN LLC,678 LAUREL ST,,SAN CARLOS,CA,94070-3112,,,,,,,,,,,,,,,,,,,,,,,,,,,,,,,,,,,,,,,,,,,True,True,False,False,False,True,False
11855,303904,LA CAPILLA INC,11 - SANTA ANA,LA CAPILLA 4,807 E ADAMS AVE   HUNTINGTON BEACH  CA  92648,ORANGE,993.05,LA CAPILLA INC,ACTIVE,,,,,CODE 8 - SELF-INCORPORATION - HISTORICAL VALUE,*Operating Restrictions exist. For more information  please see our Guidelines for Access to Records.,No Active Disciplinary Action found,Reg. Number:        01050284        Section:25658(a)Section:24200(a&b)            Proceeding Status:            CLOSED                    Decision:            POIC                        Suspension Days:            10                        POIC/Fine:            2249.88,No Active Holds found,No Escrow found,,,N/A,,La Capilla Mexican Restaurant,http://www.lacapillacantina.com/,  restaurant |   food |   point_of_interest |   establishment,OPERATIONAL,P40,Y,1,LA CAPILLA 4,807 E ADAMS AVE   HUNTINGTON BEACH  CA  92648,+1 714-374-0342,https://www.yelp.nl/biz/la-capilla-mexican-restaurant-huntington-beach?osq=LA+CAPILLA+4,,(714) 374-0342,not url,3.4,,,,,,,,,,,47 - ON-SALE GENERAL EATING PLACE,,,,,,,,,,,LA CAPILLA INC,807 E ADAMS AVE,,HUNTINGTON BEACH,CA,92648,,,,,,,,,,,,,,,,,,,,,,,,,,,,,,,,,,,,,,,,,,,True,True,False,False,False,True,False
11856,86153,LAW  TAT C,10 - SAN DIEGO,MANDARIN HOUSE OF LA JOLLA INC.,6765 LA JOLLA BLVD   LA JOLLA  CA  92037,SAN DIEGO,81.01,LAW  TAT C,ACTIVE,,,,,N/A,*Operating Restrictions exist. For more information  please see our Guidelines for Access to Records.,No Active Disciplinary Action found,No Disciplinary History found.,No Active Holds found,No Escrow found,,,N/A,,Mandarin House,http://mandarinhouselj.com/,  meal_delivery |   bar |   restaurant |   food |   point_of_interest |   establishment,OPERATIONAL,P40,Y,1,MANDARIN HOUSE OF LA JOLLA INC.,6765 LA JOLLA BLVD   LA JOLLA  CA  92037,+1 858-454-2555,,,,,,,,,,,,,,,,47 - ON-SALE GENERAL EATING PLACE,,,,,,,,,,,LAW  TAT C,6765 LA JOLLA BLVD,,LA JOLLA,CA,92037,,,,,,,,,,,,,,,,,,,,,,,,,,,,,,,,,,,,,,,,,,,True,True,False,False,False,True,False
11857,437166,PHOENIX IRISH BAR LLC THE,24 - SAN FRANCISCO,PHOENIX IRISH BAR AND RESTAURANT,811 VALENCIA ST   SAN FRANCISCO  CA  94110,SAN FRANCISCO,208.01,PHOENIX IRISH BAR LLC THE,ACTIVE,,,,,CODE 8 - SELF-INCORPORATION - HISTORICAL VALUE,*Operating Restrictions exist. For more information  please see our Guidelines for Access to Records.,No Active Disciplinary Action found,No Disciplinary History found.,Hold Type:                    BOARD OF EQUALIZATION HOLD                    Hold Date:                    03-SEP-2020,No Escrow found,,,N/A,,The Phoenix Irish Bar & Restaurant,,  bar |   restaurant |   food |   point_of_interest |   establishment,CLOSED_PERMANENTLY,P40,Y,1,PHOENIX IRISH BAR AND RESTAURANT,811 VALENCIA ST   SAN FRANCISCO  CA  94110,+1 415-695-1811,,,,,,,,,,,,,,,,47 - ON-SALE GENERAL EATING PLACE,,,,,,,,,,,PHOENIX IRISH BAR LLC THE,811 VALENCIA ST,,SAN FRANCISCO,CA,94110,,,,,,,,,,,,,,,,,,,,,,,,,,,,,,,,,,,,,,,,,,,True,True,False,False,False,True,False
11858,446781,SOLIS  ROBERT JR,27 - SANTA ROSA,PANCHAS OF YOUNTVILLE,6764 WASHINGTON ST   YOUNTVILLE  CA  94599,NAPA,2012.00,SOLIS  ROBERT JR,ACTIVE,,,,,N/A,*Operating Restrictions exist. For more information  please see our Guidelines for Access to Records.,No Active Disciplinary Action found,No Disciplinary History found.,No Active Holds found,No Escrow found,,,48-660624,,Pancha's Of Yountville,,  bar |   point_of_interest |   establishment,CLOSED_TEMPORARILY,P0,Y,1,PANCHAS OF YOUNTVILLE,6764 WASHINGTON ST   YOUNTVILLE  CA  94599,+1 707-944-2125,,,,,,,,,,,,,,,,48 - ON-SALE GENERAL PUBLIC PREMISES,,,,,,,,,,,SOLIS  ROBERT JR,6764 WASHINGTON ST,,YOUNTVILLE,CA,94599-1304,,,,,,,,,,,,,,,,,,,,,,,,,,,,,,,,,,,,,,,,,,,True,True,False,False,False,True,False
11859,325737,PALM CANYON SPLASHS INC,08 - PALM DESERT,PALM CANYON SPLASHS,2800 S PALM CANYON DR   PALM SPRINGS  CA  92264,RIVERSIDE,9405.00,PALM CANYON SPLASHS INC,ACTIVE,,,,,N/A,*Operating Restrictions exist. For more information  please see our Guidelines for Access to Records.,No Active Disciplinary Action found,Reg. Number:        08067935        Section:25658 (a)Section:CCR 64.2 (b)(1)Section:24200 (a&b)            Proceeding Status:            CLOSED                    Decision:            REVOKED                        Suspension Days:            30                        Stayed Days:            730                        Suspension Start Date:            02-OCT-2008                        Suspension End Date:            01-NOV-2006,No Active Holds found,No Escrow found,,,N/A,,Hilton Vacation Club Palm Canyon Palm Springs,https://www.hilton.com/en/hotels/pspspgv-hilton-vacation-club-palm-canyon-palm-springs/?SEO_id=GMB-AMER-HH-PSPSPGV&y_source=1_MTA1MzUyOTUzNy03MTUtbG9jYXRpb24ud2Vic2l0ZQ%3D%3D,  lodging |   point_of_interest |   establishment,OPERATIONAL,P40,Y,1,PALM CANYON SPLASHS,2800 S PALM CANYON DR   PALM SPRINGS  CA  92264,+1 760-866-1800,,,,,,,,,,,,,,,,47 - ON-SALE GENERAL EATING PLACE,,,,,,,,,,,PALM CANYON SPLASHS INC,2800 S PALM CANYON DR,,PALM SPRINGS,CA,92264,,,,,,,,,,,,,,,,,,,,,,,,,,,,,,,,,,,,,,,,,,,True,True,False,False,False,True,False
11860,395288,ARNOLDIS CAFE LLC,12 - VENTURA,ARNOLDIS CAFE,600 OLIVE ST   SANTA BARBARA  CA  93101,SANTA BARBARA,15.00,ARNOLDIS CAFE LLC,ACTIVE,,,,,N/A,No Operating Restrictions found,No Active Disciplinary Action found,No Disciplinary History found.,Hold Type:                    FRANCHISE TAX HOLD                    Hold Date:                    07-AUG-2024                                        Hold Type:                    BOARD OF EQUALIZATION HOLD                    Hold Date:                    05-MAR-2020,No Escrow found,,,47-661527,,Arnoldi's Cafe,http://arnoldis.com/,  restaurant |   food |   point_of_interest |   establishment,OPERATIONAL,P40,Y,1,ARNOLDIS CAFE,600 OLIVE ST   SANTA BARBARA  CA  93101,+1 805-962-5394,https://www.yelp.nl/biz/arnoldi-s-cafe-santa-barbara?osq=ARNOLDIS+CAFE,,(805) 962-5394,https://arnoldis.com,4,,,,,,,,,,,47 - ON-SALE GENERAL EATING PLACE,,,,,,,,,,,ARNOLDIS CAFE LLC,600 OLIVE ST,,SANTA BARBARA,CA,93101-1627,,,,,,,,,,,,,,,,,,,,,,,,,,,,,,,,,,,,,,,,,,,True,True,False,False,False,True,False
11861,455174,NINE O ONE LLC,04 - LA/METRO,901 BAR & GRILL,2902 S FIGUEROA ST   LOS ANGELES  CA  90007,LOS ANGELES,2247.02,NINE O ONE LLC,ACTIVE,,,,,N/A,*Operating Restrictions exist. For more information  please see our Guidelines for Access to Records.,No Active Disciplinary Action found,No Disciplinary History found.,No Active Holds found,No Escrow found,,,N/A,,901 Bar and Grill,,  bar |   restaurant |   food |   point_of_interest |   establishment,OPERATIONAL,P40,Y,1,901 BAR & GRILL,2902 S FIGUEROA ST   LOS ANGELES  CA  90007,+1 213-745-7900,https://www.yelp.nl/biz/chick-fil-a-los-angeles-23,,(213) 624-2001,https://chick-fil-a.com,3,,,,,,,,,,,47 - ON-SALE GENERAL EATING PLACE,,,,,,,,,,,NINE O ONE LLC,2902 S FIGUEROA ST,,LOS ANGELES,CA,90007-3709,,,,,,,,,,,,,,,,,,,,,,,,,,,,,,,,,,,,,,,,,,,True,True,False,False,False,True,False
11862,351732,OCEANSIDE BAJA LOBSTER GROUP INC,09 - SAN MARCOS,ROCKIN BAJA LOBSTER,258 HARBOR DR S   OCEANSIDE  CA  92054,SAN DIEGO,183.01,OCEANSIDE BAJA LOBSTER GROUP INC,ACTIVE,,,,,N/A,*Operating Restrictions exist. For more information  please see our Guidelines for Access to Records.,No Active Disciplinary Action found,No Disciplinary History found.,No Active Holds found,No Escrow found,,,N/A,,Rockin' Baja Lobster - Oceanside,http://rockinbaja.com/oceanside-harbor,  meal_delivery |   restaurant |   food |   point_of_interest |   establishment,OPERATIONAL,P40,Y,1,ROCKIN BAJA LOBSTER,258 HARBOR DR S   OCEANSIDE  CA  92054,+1 760-967-6199,https://www.yelp.nl/biz/rockin-baja-lobster-oceanside-3?osq=ROCKIN+BAJA+LOBSTER,,(760) 967-6199,https://rockinbaja.com,3.8,2042932,351732,14485 SOUTHERN HILLS LN,,,POWAY,CA,United States,92064,Individual Agent,47 - ON-SALE GENERAL EATING PLACE,LIC,ACTIVE,1999-04-27,2024-10-31,P40,,Y,12,3709,9,OCEANSIDE BAJA LOBSTER GROUP INC,258 HARBOR DR S,,OCEANSIDE,CA,92054,ROCKIN BAJA LOBSTER,14485 SOUTHERN HILLS LN, ,POWAY,CA,92064-4982,SAN DIEGO,183.01,,,,,,,,,,,,,,,,,,RICHARD,,DIRIENZO,14485 SOUTHERN HILLS LN,,,POWAY,CA,United States,92064,Chief Executive Officer,Chief Financial Officer,-,-,-,-,-,True,True,True,True,True,True,True
11863,476232,,,,,,,,,,,,,,,,,,,,,,,,,,,,,,,,,,,,,,201731010254,,42 SOUTH PASADENA AVE,,,PASADENA,CA,United States,91105,Individual Agent,,,,,,,,,,,,,,,,,,,,,,,,,,,,,,,,,,,,,,,,,,,,A,JORDAN A NEDEFF,42 SOUTH PASADENA AVE,,,PASADENA,CA,United States,91105,Manager,-,-,-,-,-,-,False,False,True,True,False,True,True
11864,197969,,,,,,,,,,,,,,,,,,,,,,,,,,,,,,,,,,,,,,201731010254,,42 SOUTH PASADENA AVE,,,PASADENA,CA,United States,91105,Individual Agent,,,,,,,,,,,,,,,,,,,,,,,,,,,,,,,,,,,,,,,,,,,,A,JORDAN A NEDEFF,42 SOUTH PASADENA AVE,,,PASADENA,CA,United States,91105,Manager,-,-,-,-,-,-,False,False,True,True,False,True,True
11865,282683,QUEENSWORTH LTD INC,11 - SANTA ANA,SWALLOWS INN,31786 CAMINO CAPISTRANO   SAN JUAN CAPISTRANO  CA  92675,ORANGE,423.12,QUEENSWORTH LTD INC,ACTIVE,,,,,N/A,"Signs shall be posted at all exits of the patio  as defined on the ABC-257  dated 05-03-23  stating  �NO ALCOHOLIC BEVERAGES BEYOND THIS POINT�. Said signs shall measure no less than 7� x 11�  and shall contain lettering no less than 1"" in size. No alcoholic beverages shall be consumed on any property adjacent to the licensed premises under the control of the licensee as depicted on the ABC-257 dated 05-03-23.",No Active Disciplinary Action found,Reg. Number:        95033439        Section:23300Section:24200(a&b)            Proceeding Status:            CLOSED                    Decision:            POIC                        Suspension Days:            15                        Stayed Days:            5                        POIC/Fine:            3000,No Active Holds found,No Escrow found,,,N/A,,Swallow's Inn,http://swallowsinn.com/,  bar |   point_of_interest |   establishment,OPERATIONAL,P20,Y,1,SWALLOWS INN,31786 CAMINO CAPISTRANO   SAN JUAN CAPISTRANO  CA  92675,+1 949-493-3188,https://www.yelp.nl/biz/swallows-inn-san-juan-capistrano?osq=SWALLOWS+INN,,(949) 493-3188,https://swallowsinn.com,4,,,,,,,,,,,48 - ON-SALE GENERAL PUBLIC PREMISES,,,,,,,,,,,QUEENSWORTH LTD INC,31786 CAMINO CAPISTRANO,,SAN JUAN CAPISTRANO,CA,92675,,,,,,,,,,,,,,,,,,,,,,,,,,,,,,,,,,,,,,,,,,,True,True,False,False,False,True,False
11866,47656,BRANCH OFFICE INC,03 - LB/LAKEWOOD,BRANCH OFFICE,2320 TORRANCE BLVD   TORRANCE  CA  90501,LOS ANGELES,6509.01,BRANCH OFFICE INC,ACTIVE,,,,,N/A,No Operating Restrictions found,No Active Disciplinary Action found,Reg. Number:        21091366        Section:110545  110560  110620Section:23402Section:25176Section:24200(A)Section:25609            Proceeding Status:            CLOSED                    Decision:            POIC                        POIC/Fine:            3000,No Active Holds found,No Escrow found,,,N/A,,The Branch Office,,  bar |   point_of_interest |   establishment,OPERATIONAL,P40,Y,1,BRANCH OFFICE,2320 TORRANCE BLVD   TORRANCE  CA  90501,,https://www.yelp.nl/biz/branch-office-torrance?osq=BRANCH+OFFICE,,(310) 320-1440,not url,4,,,,,,,,,,,48 - ON-SALE GENERAL PUBLIC PREMISES,,,,,,,,,,,BRANCH OFFICE INC,2320 TORRANCE BLVD,,TORRANCE,CA,90501,,,,,,,,,,,,,,,,,,,,,,,,,,,,,,,,,,,,,,,,,,,True,True,False,False,False,True,False
11867,455014,RAUL CASTRO ENTERPRISES INC,21 - FRESNO,BURRITO KING,319-21 N GATEWAY DR   MADERA  CA  93637,MADERA,8.02,RAUL CASTRO ENTERPRISES INC,ACTIVE,,,,,N/A,No Operating Restrictions found,No Active Disciplinary Action found,No Disciplinary History found.,No Active Holds found,No Escrow found,,,N/A,,Burrito King,http://www.burritokingmadera.com/,  restaurant |   food |   point_of_interest |   establishment,OPERATIONAL,P40,Y,1,BURRITO KING,319-21 N GATEWAY DR   MADERA  CA  93637,+1 559-674-7596,,,,,,,,,,,,,,,,47 - ON-SALE GENERAL EATING PLACE,,,,,,,,,,,RAUL CASTRO ENTERPRISES INC,319-21 N GATEWAY DR,,MADERA,CA,93637-3580,,,,,,,,,,,,,,,,,,,,,,,,,,,,,,,,,,,,,,,,,,,True,True,False,False,False,True,False
11868,295999,MARCIAL  MICHAELANGELO,03 - LB/LAKEWOOD,EL TEXATE RESTAURANT,316 PICO BLVD   SANTA MONICA  CA  90405,LOS ANGELES,7020.02,MARCIAL  MICHAELANGELO,REV PENDING,,,,,N/A,*Operating Restrictions exist. For more information  please see our Guidelines for Access to Records.,No Active Disciplinary Action found,Reg. Number:        11074967        Section:23804Section:24200(A&B)            Proceeding Status:            CLOSED                    Decision:            SUSPEND                        Suspension Days:            15                        POIC/Fine:            2000,Hold Type:                    BOARD OF EQUALIZATION HOLD                    Hold Date:                    26-MAR-2008                                        Hold Type:                    B/E COLLECTIONS SUSPENSION                    Hold Date:                    05-MAY-2022,No Escrow found,,,N/A,,El Texate,http://www.eltexate.com/,  restaurant |   food |   point_of_interest |   establishment,CLOSED_PERMANENTLY,P40,Y,1,EL TEXATE RESTAURANT,316 PICO BLVD   SANTA MONICA  CA  90405,,,,,,,,,,,,,,,,,47 - ON-SALE GENERAL EATING PLACE,,,,,,,,,,,MARCIAL  MICHAELANGELO,316 PICO BLVD,,SANTA MONICA,CA,90405,,,,,,,,,,,,,,,,,,,,,,,,,,,,,,,,,,,,,,,,,,,True,True,False,False,False,True,False
11869,447269,HOWARD  JESSIE ONEIL KIRK,22 - CONCORD,JKS BRICKHOUSE,360 ADELINE ST   OAKLAND  CA  94607,ALAMEDA,9820.00,HOWARD  JESSIE ONEIL KIRK,ACTIVE,,,,,N/A,*Operating Restrictions exist. For more information  please see our Guidelines for Access to Records.,No Active Disciplinary Action found,Reg. Number:        09070661        Section:25658(a)Section:24200(a&b)            Proceeding Status:            CLOSED                    Decision:            POIC                        Suspension Days:            15                        Suspension Start Date:            04-MAR-2010,Hold Type:                    BOARD OF EQUALIZATION HOLD                    Hold Date:                    04-DEC-2013,No Escrow found,,,N/A,,J.K's Brickhouse Sports Bar & Grill,,  bar |   restaurant |   food |   point_of_interest |   establishment,CLOSED_TEMPORARILY,P40,Y,1,JKS BRICKHOUSE,360 ADELINE ST   OAKLAND  CA  94607,+1 510-832-5200,https://www.yelp.nl/biz/jk-brickhouse-oakland?osq=JKS+BRICKHOUSE,,(510) 832-5200,not url,3.6,,,,,,,,,,,47 - ON-SALE GENERAL EATING PLACE,,,,,,,,,,,HOWARD  JESSIE ONEIL KIRK,360 ADELINE ST,,OAKLAND,CA,94607-2520,,,,,,,,,,,,,,,,,,,,,,,,,,,,,,,,,,,,,,,,,,,True,True,False,False,False,True,False
11870,362897,ZUBIES CHICKEN COOP INC,11 - SANTA ANA,ZUBIES CHICKEN COOP,414 OLD NEWPORT BLVD   NEWPORT BEACH  CA  92663,ORANGE,633.02,ZUBIES CHICKEN COOP INC,ACTIVE,,,,,N/A,No Operating Restrictions found,No Active Disciplinary Action found,No Disciplinary History found.,No Active Holds found,No Escrow found,,,N/A,,The Chicken Coop,,  bar |   restaurant |   food |   point_of_interest |   establishment,OPERATIONAL,P40,Y,1,ZUBIES CHICKEN COOP,414 OLD NEWPORT BLVD   NEWPORT BEACH  CA  92663,+1 949-645-6086,https://www.yelp.nl/biz/chicken-coop-newport-beach?osq=ZUBIES+CHICKEN+COOP,,(949) 645-6086,not url,3.8,,,,,,,,,,,47 - ON-SALE GENERAL EATING PLACE,,,,,,,,,,,ZUBIES CHICKEN COOP INC,414 OLD NEWPORT BLVD,,NEWPORT BEACH,CA,92663,,,,,,,,,,,,,,,,,,,,,,,,,,,,,,,,,,,,,,,,,,,True,True,False,False,False,True,False
11871,346326,FILLMORE STREET RESTAURANT PARTNERS L-PSHIP,24 - SAN FRANCISCO,FLORIO,1915 FILLMORE ST   SAN FRANCISCO  CA  94115,SAN FRANCISCO,152.02,FILLMORE STREET RESTAURANT PARTNERS L-PSHIP,ACTIVE,,,,,N/A,*Operating Restrictions exist. For more information  please see our Guidelines for Access to Records.,No Active Disciplinary Action found,No Disciplinary History found.,No Active Holds found,No Escrow found,,,N/A,,Florio Bar & Cafe,http://www.floriosf.com/,  restaurant |   cafe |   food |   point_of_interest |   establishment,OPERATIONAL,P40,Y,1,FLORIO,1915 FILLMORE ST   SAN FRANCISCO  CA  94115,+1 415-775-4300,https://www.yelp.nl/biz/florio-bar-and-cafe-san-francisco?osq=FLORIO,,(415) 775-4300,https://floriosf.com,3.7,,,,,,,,,,,47 - ON-SALE GENERAL EATING PLACE,,,,,,,,,,,FILLMORE STREET RESTAURANT PARTNERS L-PSHIP,1915 FILLMORE ST,,SAN FRANCISCO,CA,94115,,,,,,,,,,,,,,,,,,,,,,,,,,,,,,,,,,,,,,,,,,,True,True,False,False,False,True,False
11872,100628,WATERFRONT RESTAURANTS INC,09 - SAN MARCOS,JAKES DEL MAR,1660 COAST BLVD   DEL MAR  CA  92014,SAN DIEGO,172.01,WATERFRONT RESTAURANTS INC,ACTIVE,,,,,N/A,*Operating Restrictions exist. For more information  please see our Guidelines for Access to Records.,No Active Disciplinary Action found,No Disciplinary History found.,No Active Holds found,No Escrow found,,,N/A,,Jake's Del Mar,http://jakesdelmar.com/,  bar |   restaurant |   food |   point_of_interest |   establishment,OPERATIONAL,P0,Y,1,JAKES DEL MAR,1660 COAST BLVD   DEL MAR  CA  92014,+1 858-755-2002,https://www.yelp.nl/biz/jakes-del-mar-2?osq=JAKES+DEL+MAR,,(858) 755-2002,https://jakesdelmar.com,4.1,,,,,,,,,,,47 - ON-SALE GENERAL EATING PLACE,,,,,,,,,,,WATERFRONT RESTAURANTS INC,1660 COAST BLVD,,DEL MAR,CA,92014,,,,,,,,,,,,,,,,,,,,,,,,,,,,,,,,,,,,,,,,,,,True,True,False,False,False,True,False
11873,309567,DON CHAVA INC,02 - MONROVIA,EL RANCHITO,6703 SANTA FE AVE   HUNTINGTON PARK  CA  90255,LOS ANGELES,5331.03,DON CHAVA INC,ACTIVE,,,,,N/A,*Operating Restrictions exist. For more information  please see our Guidelines for Access to Records.,No Active Disciplinary Action found,Reg. Number:        17085682        Section:25658(A)            Proceeding Status:            CLOSED                    Decision:            ALL STAYED                        Suspension Days:            10,No Active Holds found,No Escrow found,,,N/A,,Avila's El Ranchito Huntington Park,https://avilaselranchito.com/huntington-park/,  restaurant |   food |   point_of_interest |   establishment,OPERATIONAL,P40,Y,1,EL RANCHITO,6703 SANTA FE AVE   HUNTINGTON PARK  CA  90255,+1 323-585-5055,https://www.yelp.nl/biz/guajillo-restaurant-huntington-park?osq=EL+RANCHITO,,(323) 835-6424,https://guajillorestaurant.com,4.1,,,,,,,,,,,47 - ON-SALE GENERAL EATING PLACE,,,,,,,,,,,DON CHAVA INC,6703 SANTA FE AVE,,HUNTINGTON PARK,CA,90255-3903,,,,,,,,,,,,,,,,,,,,,,,,,,,,,,,,,,,,,,,,,,,True,True,False,False,False,True,False
11874,453872,,,,,,,,,,,,,,,,,,,,,,,,,,,,,,,,,,,,,,201731010254,,42 SOUTH PASADENA AVE,,,PASADENA,CA,United States,91105,Individual Agent,,,,,,,,,,,,,,,,,,,,,,,,,,,,,,,,,,,,,,,,,,,,A,JORDAN A NEDEFF,42 SOUTH PASADENA AVE,,,PASADENA,CA,United States,91105,Manager,-,-,-,-,-,-,False,False,True,True,False,True,True
11875,23867,TOP LEE GOURMET INC,25 - SAN JOSE,TAO TAO,175 S MURPHY AVE   SUNNYVALE  CA  94086,SANTA CLARA,5086.02,TOP LEE GOURMET INC,ACTIVE,,,,,N/A,No Operating Restrictions found,No Active Disciplinary Action found,No Disciplinary History found.,No Active Holds found,No Escrow found,,,N/A,,Tao Tao,http://www.taotaocafe.com/,  restaurant |   food |   point_of_interest |   establishment,OPERATIONAL,P40,Y,1,TAO TAO,175 S MURPHY AVE   SUNNYVALE  CA  94086,+1 408-736-3731,https://www.yelp.nl/biz/tao-tao-cafe-sunnyvale-2?osq=TAO+TAO,,(408) 736-3731,https://taotaocafe.com,3.3,,,,,,,,,,,47 - ON-SALE GENERAL EATING PLACE,,,,,,,,,,,TOP LEE GOURMET INC,175 S MURPHY AVE,,SUNNYVALE,CA,94086,,,,,,,,,,,,,,,,,,,,,,,,,,,,,,,,,,,,,,,,,,,True,True,False,False,False,True,False
11876,312571,JOHER  HASSAN SALEH,03 - LB/LAKEWOOD,LA MIRAGE RESTAURANT,17104 PIONEER BLVD   ARTESIA  CA  90701,LOS ANGELES,5548.01,JOHER  HASSAN SALEH,ACTIVE,,,,,N/A,*Operating Restrictions exist. For more information  please see our Guidelines for Access to Records.,Reg. Number:                        24094832,Reg. Number:        99045951        Section:H&S 110545 110560 110620Section:23804Section:24200(a&b)Section:PC 347(b)            Proceeding Status:            CLOSED                    Decision:            POIC                        Suspension Days:            15                        POIC/Fine:            6000,No Active Holds found,No Escrow found,,,47-662066,,La Mirage Restaurant & Nightclub,http://www.lamirageent.com/,  night_club |   restaurant |   food |   point_of_interest |   establishment,OPERATIONAL,P0,Y,1,LA MIRAGE RESTAURANT,17104 PIONEER BLVD   ARTESIA  CA  90701,+1 562-527-9755,https://www.yelp.nl/biz/la-mirage-restaurant-and-night-club-artesia?osq=LA+MIRAGE+RESTAURANT,,(562) 527-9755,https://lamirageent.com,2.2,,,,,,,,,,,47 - ON-SALE GENERAL EATING PLACE,,,,,,,,,,,JOHER  HASSAN SALEH,17104 PIONEER BLVD,,ARTESIA,CA,90701,,,,,,,,,,,,,,,,,,,,,,,,,,,,,,,,,,,,,,,,,,,True,True,False,False,False,True,False
11877,358329,CHIANG  JAMES YU CHI,05 - VAN NUYS,MANDARIN KING CHINESE RESTAURANT,17092 DEVONSHIRE ST   NORTHRIDGE  CA  91325,LOS ANGELES,1113.02,CHIANG  SAIOU| CHIANG  JAMES YU CHI,ACTIVE,,,,,N/A,*Operating Restrictions exist. For more information  please see our Guidelines for Access to Records.,No Active Disciplinary Action found,Reg. Number:        08068915        Section:25658(a)Section:24200(a&b)            Proceeding Status:            CLOSED                    Decision:            ALL STAYED                        Suspension Days:            10                        Stayed Days:            10,No Active Holds found,No Escrow found,,,N/A,,Mandarin King,https://www.mandarinkingnorthridge.com/,  restaurant |   food |   point_of_interest |   establishment,OPERATIONAL,P40,Y,1,MANDARIN KING CHINESE RESTAURANT,17092 DEVONSHIRE ST   NORTHRIDGE  CA  91325,+1 818-366-8999,https://www.yelp.nl/biz/mandarin-king-northridge?osq=MANDARIN+KING+CHINESE+RESTAURANT,,(818) 366-8999,https://mandarinkingnorthridge.com,3.9,,,,,,,,,,,47 - ON-SALE GENERAL EATING PLACE,,,,,,,,,,,CHIANG  JAMES YU CHI,17092 DEVONSHIRE ST,,NORTHRIDGE,CA,91325,,,,,,,,,,,,,,,,,,,,,,,,,,,,,,,,,,,,,,,,,,,True,True,False,False,False,True,False
11878,393899,STEVES STEAKHOUSE INC,03 - LB/LAKEWOOD,STEVES STEAKHOUSE,417 CRESCENT AVE RM 200   AVALON  CA  90704,LOS ANGELES,5990.00,STEVES STEAKHOUSE INC,ACTIVE,,,,,N/A,No Operating Restrictions found,No Active Disciplinary Action found,No Disciplinary History found.,No Active Holds found,No Escrow found,,,N/A,,Steve's Steakhouse and Seafood,https://stevessteakhouse.com/,  restaurant |   food |   point_of_interest |   establishment,OPERATIONAL,P0,Y,1,STEVES STEAKHOUSE,417 CRESCENT AVE RM 200   AVALON  CA  90704,+1 310-510-0333,https://www.yelp.nl/biz/steves-steakhouse-avalon?osq=STEVES+STEAKHOUSE,,(310) 510-0333,https://stevessteakhouse.com,3.8,,,,,,,,,,,47 - ON-SALE GENERAL EATING PLACE,,,,,,,,,,,STEVES STEAKHOUSE INC,417 CRESCENT AVE RM 200,,AVALON,CA,90704,,,,,,,,,,,,,,,,,,,,,,,,,,,,,,,,,,,,,,,,,,,True,True,False,False,False,True,False
11879,440072,,,,,,,,,,,,,,,,,,,,,,,,,,,,,,,,,,,,,,201731010254,,42 SOUTH PASADENA AVE,,,PASADENA,CA,United States,91105,Individual Agent,,,,,,,,,,,,,,,,,,,,,,,,,,,,,,,,,,,,,,,,,,,,A,JORDAN A NEDEFF,42 SOUTH PASADENA AVE,,,PASADENA,CA,United States,91105,Manager,-,-,-,-,-,-,False,False,True,True,False,True,True
11880,487715,POORHOUSE PARTNERS LLC,03 - LB/LAKEWOOD,BADDELEYS POORHOUSE,3348 E BROADWAY   LONG BEACH  CA  90803,LOS ANGELES,5772.00,POORHOUSE PARTNERS LLC,ACTIVE,,,,,N/A,*Operating Restrictions exist. For more information  please see our Guidelines for Access to Records.,No Active Disciplinary Action found,No Disciplinary History found.,No Active Holds found,No Escrow found,,,48-663548,,Baddeley's Pourhouse Sports Bar,http://www.baddeleyspourhouselb.com/,  bar |   point_of_interest |   establishment,OPERATIONAL,P40,Y,1,BADDELEYS POORHOUSE,3348 E BROADWAY   LONG BEACH  CA  90803,+1 562-439-7220,https://www.yelp.nl/biz/baddeleys-pourhouse-long-beach?osq=BADDELEYS+POORHOUSE,,(562) 439-7220,https://baddeleyspourhouselb.com,4.4,,,,,,,,,,,48 - ON-SALE GENERAL PUBLIC PREMISES,,,,,,,,,,,POORHOUSE PARTNERS LLC,3348 E BROADWAY,,LONG BEACH,CA,90803,,,,,,,,,,,,,,,,,,,,,,,,,,,,,,,,,,,,,,,,,,,True,True,False,False,False,True,False
11881,411674,GILLETTE  JAMES JOHN,22 - CONCORD,V & E CLUB,2071 1ST ST   LIVERMORE  CA  94550,ALAMEDA,4516.01,GILLETTE  JAMES JOHN,ACTIVE,,,,,N/A,No Operating Restrictions found,No Active Disciplinary Action found,No Disciplinary History found.,No Active Holds found,No Escrow found,,,N/A,,V & E Club,http://v-e-club.poi.place/,  bar |   point_of_interest |   establishment,OPERATIONAL,P40,Y,1,V & E CLUB,2071 1ST ST   LIVERMORE  CA  94550,+1 925-447-3293,,,,,,,,,,,,,,,,48 - ON-SALE GENERAL PUBLIC PREMISES,,,,,,,,,,,GILLETTE  JAMES JOHN,2071 1ST ST,,LIVERMORE,CA,94550,,,,,,,,,,,,,,,,,,,,,,,,,,,,,,,,,,,,,,,,,,,True,True,False,False,False,True,False
11882,406752,,,,,,,,,,,,,,,,,,,,,,,,,,,,,,,,,,,,,,201731010254,,42 SOUTH PASADENA AVE,,,PASADENA,CA,United States,91105,Individual Agent,,,,,,,,,,,,,,,,,,,,,,,,,,,,,,,,,,,,,,,,,,,,A,JORDAN A NEDEFF,42 SOUTH PASADENA AVE,,,PASADENA,CA,United States,91105,Manager,-,-,-,-,-,-,False,False,True,True,False,True,True
11883,227565,CASTRO  EDWARD,03 - LB/LAKEWOOD,NEW STARBOARD ATTITUDE,202 FISHERMANS WHARF   REDONDO BEACH  CA  90277,LOS ANGELES,6213.24,CASTRO  EDWARD,ACTIVE,,,,,N/A,No Operating Restrictions found,No Active Disciplinary Action found,Reg. Number:        11074508        Section:25602(A)Section:24200(A&B)            Proceeding Status:            CLOSED                    Decision:            ALL STAYED                        Suspension Days:            10                        Stayed Days:            10,No Active Holds found,No Escrow found,,,N/A,,Starboard Attitude,,  bar |   point_of_interest |   establishment,OPERATIONAL,P40,Y,1,NEW STARBOARD ATTITUDE,202 FISHERMANS WHARF   REDONDO BEACH  CA  90277,+1 424-254-5423,https://www.yelp.nl/biz/new-starboard-attitude-redondo-beach-2?osq=NEW+STARBOARD+ATTITUDE,,(424) 254-5423,not url,3.5,,,,,,,,,,,48 - ON-SALE GENERAL PUBLIC PREMISES,,,,,,,,,,,CASTRO  EDWARD,202 FISHERMANS WHARF,,REDONDO BEACH,CA,90277,,,,,,,,,,,,,,,,,,,,,,,,,,,,,,,,,,,,,,,,,,,True,True,False,False,False,True,False
11884,448648,EASTSIDE HOLDINGS L-PSHIP,04 - LA/METRO,LITTLE DOMS,2128 HILLHURST AVE   LOS ANGELES  CA  90027,LOS ANGELES,1891.02,EASTSIDE HOLDINGS L-PSHIP,ACTIVE,,,,,N/A,*Operating Restrictions exist. For more information  please see our Guidelines for Access to Records.,No Active Disciplinary Action found,No Disciplinary History found.,No Active Holds found,No Escrow found,,,N/A,,Little Dom's,http://littledoms.com/,  restaurant |   food |   point_of_interest |   store |   establishment,OPERATIONAL,P40,Y,1,LITTLE DOMS,2128 HILLHURST AVE   LOS ANGELES  CA  90027,+1 323-661-0055,https://www.yelp.nl/biz/little-doms-los-angeles-2?osq=LITTLE+DOMS,,(323) 661-0055,https://littledoms.com,3.6,,,,,,,,,,,47 - ON-SALE GENERAL EATING PLACE,,,,,,,,,,,EASTSIDE HOLDINGS L-PSHIP,2128 HILLHURST AVE,,LOS ANGELES,CA,90027-2012,,,,,,,,,,,,,,,,,,,,,,,,,,,,,,,,,,,,,,,,,,,True,True,False,False,False,True,False
11885,474779,JAY DEE CAFE LLC,02 - MONROVIA,JAY DEE CAFE,1843 W MAIN ST   ALHAMBRA  CA  91801,LOS ANGELES,4808.04,JAY DEE CAFE LLC,ACTIVE,,,,,N/A,*Operating Restrictions exist. For more information  please see our Guidelines for Access to Records.,No Active Disciplinary Action found,Reg. Number:        24094420        Section:B&P 25177            Proceeding Status:            CLOSED                    Decision:            POIC                        POIC/Fine:            2179.2,No Active Holds found,No Escrow found,,,N/A,,Jay Dee Cafe,,  bar |   point_of_interest |   establishment,OPERATIONAL,P40,Y,1,JAY DEE CAFE,1843 W MAIN ST   ALHAMBRA  CA  91801,+1 626-281-6887,https://www.yelp.nl/biz/jay-dee-cafe-alhambra-7?osq=JAY+DEE+CAFE,,(626) 281-6887,not url,3.7,,,,,,,,,,,47 - ON-SALE GENERAL EATING PLACE,,,,,,,,,,,JAY DEE CAFE LLC,1843 W MAIN ST,,ALHAMBRA,CA,91801-1829,,,,,,,,,,,,,,,,,,,,,,,,,,,,,,,,,,,,,,,,,,,True,True,False,False,False,True,False
11886,270781,HURRICANE BAR & GRILL INC,11 - SANTA ANA,HURRICANES BAR & GRILL,200 MAIN ST STE 201  HUNTINGTON BEACH  CA  92648,ORANGE,993.11,HURRICANE BAR & GRILL INC,ACTIVE,,,,,N/A,Signs shall be conspicuously posted at all exits of the premises patio which prohibit alcoholic beverages from leaving the confines of the premises patio. Sales  service and consumption of alcoholic beverages on said patio area shall be limited to disposable plastic/styrofoam containers. Anytime the patio is being utilized for sales  service and consumption of alcoholic beverages  a minimum of two (2) employees shall be stationed on this area.,No Active Disciplinary Action found,Reg. Number:        99047044        Section:CCR  143.2(3)  143.3(1)(b)  143.3(2)Section:25602(a)Section:23804Section:24200(a&b)            Proceeding Status:            CLOSED                    Decision:            REVOKED                        Suspension Days:            30                        Stayed Days:            730                        Suspension Start Date:            10-FEB-2000                        Suspension End Date:            11-MAR-1998,No Active Holds found,No Escrow found,,,N/A,,Hurricanes Bar & Grill,https://www.hurricanesbargrill.com/,  bar |   restaurant |   food |   point_of_interest |   establishment,OPERATIONAL,P40,Y,1,HURRICANES BAR & GRILL,200 MAIN ST STE 201  HUNTINGTON BEACH  CA  92648,+1 714-374-0500,,,,,,,,,,,,,,,,47 - ON-SALE GENERAL EATING PLACE,,,,,,,,,,,HURRICANE BAR & GRILL INC,200 MAIN ST,STE 201,HUNTINGTON BEACH,CA,92648-8105,,,,,,,,,,,,,,,,,,,,,,,,,,,,,,,,,,,,,,,,,,,True,True,False,False,False,True,False
11887,459619,YFC INC,21 - FRESNO,YOSEMITE FALLS CAFE,5123 N BLACKSTONE AVE   FRESNO  CA  93710,FRESNO,45.05,YFC INC,ACTIVE,,,,,PRIORITIES 1995 AND LATER  NO SALE 2 YEARS,*Operating Restrictions exist. For more information  please see our Guidelines for Access to Records.,No Active Disciplinary Action found,No Disciplinary History found.,No Active Holds found,No Escrow found,,,N/A,,Yosemite Falls Cafe,https://www.yosemitefallscafe.net/,  restaurant |   liquor_store |   food |   point_of_interest |   store |   establishment,OPERATIONAL,P40,Y,1,YOSEMITE FALLS CAFE,5123 N BLACKSTONE AVE   FRESNO  CA  93710,+1 559-225-6800,https://www.yelp.nl/biz/burger-king-fresno-15,,(559) 492-2985,https://burgerking.com,1.1,,,,,,,,,,,47 - ON-SALE GENERAL EATING PLACE,,,,,,,,,,,YFC INC,5123 N BLACKSTONE AVE,,FRESNO,CA,93710-6701,,,,,,,,,,,,,,,,,,,,,,,,,,,,,,,,,,,,,,,,,,,True,True,False,False,False,True,False
11888,280832,MORSCHAUSER  WILLIAM GEORGE,02 - MONROVIA,FRIAR TUCKS BAR & GRILLE,540 E FOOTHILL BLVD   POMONA  CA  91767,LOS ANGELES,4017.04,MORSCHAUSER  WILLIAM GEORGE,ACTIVE,,,,,N/A,*Operating Restrictions exist. For more information  please see our Guidelines for Access to Records.,No Active Disciplinary Action found,Reg. Number:        10073169        Section:25658(a)Section:24200(a&b)            Proceeding Status:            CLOSED                    Decision:            POIC                        Suspension Days:            15                        POIC/Fine:            3000,No Active Holds found,No Escrow found,,,N/A,,Friar Tuck's Bar And Grill,,  point_of_interest |   establishment,CLOSED_PERMANENTLY,P40,Y,1,FRIAR TUCKS BAR & GRILLE,540 E FOOTHILL BLVD   POMONA  CA  91767,,,,,,,,,,,,,,,,,47 - ON-SALE GENERAL EATING PLACE,,,,,,,,,,,MORSCHAUSER  WILLIAM GEORGE,540 E FOOTHILL BLVD,,POMONA,CA,91767-1220,,,,,,,,,,,,,,,,,,,,,,,,,,,,,,,,,,,,,,,,,,,True,True,False,False,False,True,False
11889,418582,PEPPERS MEXICALI CAFE INC,26 - SALINAS,PEPPERS MEXICALI CAFE,170 FOREST AVE   PACIFIC GROVE  CA  93950,MONTEREY,124.01,PEPPERS MEXICALI CAFE INC,ACTIVE,,,,,N/A,*Operating Restrictions exist. For more information  please see our Guidelines for Access to Records.,No Active Disciplinary Action found,No Disciplinary History found.,Hold Type:                    FORM 220                    Hold Date:                    16-DEC-2009,No Escrow found,,,N/A,,Peppers Mexicali Cafe,https://www.peppersmexicalicafe.com/,  restaurant |   food |   point_of_interest |   establishment,OPERATIONAL,P0,Y,1,PEPPERS MEXICALI CAFE,170 FOREST AVE   PACIFIC GROVE  CA  93950,+1 831-373-6892,https://www.yelp.nl/biz/peppers-mexicali-cafe-pacific-grove?osq=PEPPERS+MEXICALI+CAFE,,(831) 373-6892,https://pepperspg.com,4,,,,,,,,,,,47 - ON-SALE GENERAL EATING PLACE,,,,,,,,,,,PEPPERS MEXICALI CAFE INC,170 FOREST AVE,,PACIFIC GROVE,CA,93950,,,,,,,,,,,,,,,,,,,,,,,,,,,,,,,,,,,,,,,,,,,True,True,False,False,False,True,False
11890,246901,MCCLOSKEY  JOHN A,22 - CONCORD,POLOMONIS,1845 1ST ST   LIVERMORE  CA  94550,ALAMEDA,4516.02,MCCLOSKEY  JOHN A,ACTIVE,,,,,N/A,No Operating Restrictions found,No Active Disciplinary Action found,Reg. Number:        19089130        Section:25176; 25177Section:23402Section:CCR 57.6            Proceeding Status:            CLOSED                    Decision:            SUSPEND                        Suspension Days:            20                        Suspension Start Date:            14-JAN-2021                        Suspension End Date:            03-FEB-2021,Hold Type:                    FRANCHISE TAX HOLD                    Hold Date:                    25-AUG-2005,No Escrow found,,,N/A,,Polomoni's Bar & Lounge,,  bar |   night_club |   point_of_interest |   establishment,OPERATIONAL,P40,Y,1,POLOMONIS,1845 1ST ST   LIVERMORE  CA  94550,+1 925-447-5311,,,,,,,,,,,,,,,,48 - ON-SALE GENERAL PUBLIC PREMISES,,,,,,,,,,,MCCLOSKEY  JOHN A,1845 1ST ST,,LIVERMORE,CA,94550,,,,,,,,,,,,,,,,,,,,,,,,,,,,,,,,,,,,,,,,,,,True,True,False,False,False,True,False
11891,483501,ASCOT HOTEL L-PSHIP,04 - LA/METRO,HOTEL ANGELENO,170 N CHURCH LN   LOS ANGELES  CA  90049,LOS ANGELES,2623.02,ASCOT HOTEL L-PSHIP,ACTIVE,,,,,N/A,No Operating Restrictions found,No Active Disciplinary Action found,No Disciplinary History found.,No Active Holds found,No Escrow found,,,N/A,,Hotel Angeleno,http://hotelangeleno.com/,  lodging |   point_of_interest |   establishment,OPERATIONAL,P40,Y,1,HOTEL ANGELENO,170 N CHURCH LN   LOS ANGELES  CA  90049,+1 310-476-6411,https://www.yelp.nl/biz/hotel-angeleno-los-angeles?osq=HOTEL+ANGELENO,,(310) 476-6411,https://hotelangeleno.com,3.2,,,,,,,,,,,47 - ON-SALE GENERAL EATING PLACE,,,,,,,,,,,ASCOT HOTEL L-PSHIP,170 N CHURCH LN,,LOS ANGELES,CA,90049-2044,,,,,,,,,,,,,,,,,,,,,,,,,,,,,,,,,,,,,,,,,,,True,True,False,False,False,True,False
11892,477208,,,,,,,,,,,,,,,,,,,,,,,,,,,,,,,,,,,,,,201731010254,,42 SOUTH PASADENA AVE,,,PASADENA,CA,United States,91105,Individual Agent,,,,,,,,,,,,,,,,,,,,,,,,,,,,,,,,,,,,,,,,,,,,A,JORDAN A NEDEFF,42 SOUTH PASADENA AVE,,,PASADENA,CA,United States,91105,Manager,-,-,-,-,-,-,False,False,True,True,False,True,True
11893,414520,SACRAMENTO STREET PARTNERS LLC,24 - SAN FRANCISCO,SPRUCE,3640 SACRAMENTO ST   SAN FRANCISCO  CA  94118,SAN FRANCISCO,133.00,SACRAMENTO STREET PARTNERS LLC,ACTIVE,,,,,N/A,*Operating Restrictions exist. For more information  please see our Guidelines for Access to Records.,No Active Disciplinary Action found,No Disciplinary History found.,No Active Holds found,No Escrow found,,,N/A,,Spruce,http://www.sprucesf.com/,  bar |   restaurant |   food |   point_of_interest |   establishment,OPERATIONAL,P40,Y,1,SPRUCE,3640 SACRAMENTO ST   SAN FRANCISCO  CA  94118,+1 415-931-5100,https://www.yelp.nl/biz/spruce-san-francisco?osq=SPRUCE,,(415) 931-5100,https://sprucesf.com,4.1,,,,,,,,,,,47 - ON-SALE GENERAL EATING PLACE,,,,,,,,,,,SACRAMENTO STREET PARTNERS LLC,3640 SACRAMENTO ST,,SAN FRANCISCO,CA,94118-1710,,,,,,,,,,,,,,,,,,,,,,,,,,,,,,,,,,,,,,,,,,,True,True,False,False,False,True,False
11894,436819,CAP ENTERTAINMENT CORP,10 - SAN DIEGO,BLUEFOOT BAR & LOUNGE,3404 30TH ST   SAN DIEGO  CA  92104,SAN DIEGO,14.00,CAP ENTERTAINMENT CORP,ACTIVE,,,,,N/A,*Operating Restrictions exist. For more information  please see our Guidelines for Access to Records.,No Active Disciplinary Action found,No Disciplinary History found.,No Active Holds found,No Escrow found,,,N/A,,Bluefoot Bar and Lounge,http://www.bluefootsd.com/?utm_source=google&utm_medium=wix_google_business_profile&utm_campaign=14521484551566438383,  bar |   night_club |   point_of_interest |   establishment,OPERATIONAL,P40,Y,1,BLUEFOOT BAR & LOUNGE,3404 30TH ST   SAN DIEGO  CA  92104,+1 619-756-7891,,,,,,2805558,436819,6353 EL CAJON BLVD. STE. 124-230,,,SAN DIEGO,CA,United States,92115,Individual Agent,48 - ON-SALE GENERAL PUBLIC PREMISES,LIC,ACTIVE,2007-07-19,2024-06-30,P40,,Y,12,3710,10,CAP ENTERTAINMENT CORP,3404 30TH ST,,SAN DIEGO,CA,92104,BLUEFOOT BAR & LOUNGE,PO BOX 2418, ,LA MESA,CA,91943,SAN DIEGO,14,,,,,,,,,,,,,,,,,,ADAM,,COOK,PO BOX 2481,,,LA MESA,CA,United States,91943,Chief Executive Officer,-,-,-,-,-,-,True,True,True,True,True,True,True
11895,244278,RISTORANTI PIEMONTESI INC,24 - SAN FRANCISCO,PALIO DASTI,640 SACRAMENTO ST   SAN FRANCISCO  CA  94111,SAN FRANCISCO,611.01,RISTORANTI PIEMONTESI INC,ACTIVE,,,,,N/A,No Operating Restrictions found,No Active Disciplinary Action found,No Disciplinary History found.,Hold Type:                    BOARD OF EQUALIZATION HOLD                    Hold Date:                    13-DEC-2019,No Escrow found,,,N/A,,Palio,http://www.paliosf.com/,  restaurant |   food |   point_of_interest |   establishment,OPERATIONAL,P40,Y,1,PALIO DASTI,640 SACRAMENTO ST   SAN FRANCISCO  CA  94111,+1 415-395-9800,https://www.yelp.nl/biz/palio-san-francisco-2?osq=PALIO+DASTI,,(415) 395-9800,https://paliosf.com,3.8,,,,,,,,,,,47 - ON-SALE GENERAL EATING PLACE,,,,,,,,,,,RISTORANTI PIEMONTESI INC,640 SACRAMENTO ST,,SAN FRANCISCO,CA,94111,,,,,,,,,,,,,,,,,,,,,,,,,,,,,,,,,,,,,,,,,,,True,True,False,False,False,True,False
11896,298874,L R K WEST INC,08 - PALM DESERT,INDIAN WELLS RESORT HOTEL,76661 HWY 111   INDIAN WELLS  CA  92210,RIVERSIDE,451.22,L R K WEST INC,ACTIVE,,,,,N/A,No Operating Restrictions found,No Active Disciplinary Action found,No Disciplinary History found.,No Active Holds found,No Escrow found,,,N/A,,Indian Wells Resort Hotel,https://indianwellsresort.com/,  lodging |   point_of_interest |   establishment,OPERATIONAL,P0,Y,1,INDIAN WELLS RESORT HOTEL,76661 HWY 111   INDIAN WELLS  CA  92210,+1 760-345-6466,https://www.yelp.nl/biz/indian-wells-resort-hotel-indian-wells?osq=INDIAN+WELLS+RESORT+HOTEL,,(760) 345-6466,https://indianwellsresort.com,2.3,,,,,,,,,,,47 - ON-SALE GENERAL EATING PLACE,,,,,,,,,,,L R K WEST INC,76661 HWY 111,,INDIAN WELLS,CA,92210,,,,,,,,,,,,,,,,,,,,,,,,,,,,,,,,,,,,,,,,,,,True,True,False,False,False,True,False
11897,181690,BRUNOS ITALIAN RESTAURANT INC,11 - SANTA ANA,EL PATIO RESTAURANT,1750 W LA PALMA AVE   ANAHEIM  CA  92801,ORANGE,867.02,BRUNOS ITALIAN RESTAURANT INC,ACTIVE,,,,,N/A,*Operating Restrictions exist. For more information  please see our Guidelines for Access to Records.,No Active Disciplinary Action found,No Disciplinary History found.,Hold Type:                    FORM 220                    Hold Date:                    15-MAY-1995,No Escrow found,,,N/A,,El Patio Restaurant,http://el-patio-anaheim.poi.place/,  night_club |   restaurant |   food |   point_of_interest |   establishment,OPERATIONAL,P40,Y,1,EL PATIO RESTAURANT,1750 W LA PALMA AVE   ANAHEIM  CA  92801,+1 714-758-1649,https://www.yelp.nl/biz/el-patio-restaurant-and-dancing-anaheim?osq=EL+PATIO+RESTAURANT,,(714) 758-1649,not url,2.8,,,,,,,,,,,47 - ON-SALE GENERAL EATING PLACE,,,,,,,,,,,BRUNOS ITALIAN RESTAURANT INC,1750 W LA PALMA AVE,,ANAHEIM,CA,92801,,,,,,,,,,,,,,,,,,,,,,,,,,,,,,,,,,,,,,,,,,,True,True,False,False,False,True,False
11898,367919,YE RUSTIC INN INC,04 - LA/METRO,YE RUSTIC INN,1831 HILLHURST AVE STORE 8   LOS ANGELES  CA  90027,LOS ANGELES,1891.01,YE RUSTIC INN INC,ACTIVE,,,,,CODE 8 - SELF-INCORPORATION - HISTORICAL VALUE,No Operating Restrictions found,No Active Disciplinary Action found,Reg. Number:        07065767        Section:25658(a)Section:24200(a)            Proceeding Status:            CLOSED                    Decision:            POIC                        Suspension Days:            10                        POIC/Fine:            3000,No Active Holds found,No Escrow found,,,N/A,,Ye Rustic Inn,,  bar |   restaurant |   food |   point_of_interest |   establishment,OPERATIONAL,P40,Y,1,YE RUSTIC INN,1831 HILLHURST AVE STORE 8   LOS ANGELES  CA  90027,+1 323-662-5757,https://www.yelp.nl/biz/ye-rustic-inn-los-angeles?osq=YE+RUSTIC+INN,,(323) 662-5757,https://yerusticinn.com,3.4,,,,,,,,,,,47 - ON-SALE GENERAL EATING PLACE,,,,,,,,,,,YE RUSTIC INN INC,1831 HILLHURST AVE STORE 8,,LOS ANGELES,CA,90027,,,,,,,,,,,,,,,,,,,,,,,,,,,,,,,,,,,,,,,,,,,True,True,False,False,False,True,False
11899,194006,LEOLO,04 - LA/METRO,LEONARDOS,1735 W MANCHESTER AVE   LOS ANGELES  CA  90047,LOS ANGELES,2381.00,LEOLO,ACTIVE,,,,,N/A,No Operating Restrictions found,No Active Disciplinary Action found,Reg. Number:        11076043        Section:143.3 (2)  143.3 (1)(C) Section:24200 (A&B)            Proceeding Status:            CLOSED                    Decision:            SUSPEND                        Suspension Days:            20                        Stayed Days:            10                        Suspension Start Date:            03-JAN-2012                        Suspension End Date:            13-JAN-2012,No Active Holds found,No Escrow found,,,N/A,,Manchester Banquet Hall,https://www.manchesterbanquethall.info/,  point_of_interest |   establishment,OPERATIONAL,P40,Y,1,LEONARDOS,1735 W MANCHESTER AVE   LOS ANGELES  CA  90047,+1 323-717-8090,https://www.yelp.nl/biz/leonardos-restaurant-los-angeles-2?osq=LEONARDOS,,(323) 753-5242,not url,2.9,960608,194006,2800 S VERMONT AVE,,,LOS ANGELES,CA,United States,90007,Individual Agent,47 - ON-SALE GENERAL EATING PLACE,LIC,ACTIVE,1986-12-23,2025-06-30,P40,,Y,12,1933,4,LEOLO,1735 W MANCHESTER AVE,,LOS ANGELES,CA,90047,LEONARDOS,2800 S VERMONT AVE, ,LOS ANGELES,CA,90007-2229,LOS ANGELES,2381,,,,,,,,,,,,,,,,,,Iris,,Lopez,2800 S Vermont Ave,,,Los Angeles,CA,United States,90007,Secretary,Chief Financial Officer,-,-,-,-,-,True,True,True,True,True,True,True
11900,421948,ZOVS BISTRO INC,11 - SANTA ANA,ZOVS BISTRO,17440 E 17TH ST STE A  TUSTIN  CA  92780,ORANGE,,ZOVS BISTRO INC,ACTIVE,,,,,N/A,No Operating Restrictions found,No Active Disciplinary Action found,Reg. Number:        21090914        Section:B&P 25601            Proceeding Status:            CLOSED                    Decision:            ALL STAYED                        Suspension Days:            15                        Stayed Days:            15,No Active Holds found,No Escrow found,,,N/A,,Zov's Tustin,https://www.zovs.com/,  restaurant |   food |   point_of_interest |   establishment,OPERATIONAL,P40,Y,1,ZOVS BISTRO,17440 E 17TH ST STE A  TUSTIN  CA  92780,+1 714-838-8855,https://www.yelp.nl/biz/zovs-bistro-tustin-tustin-2?osq=ZOVS+BISTRO,,(714) 838-8855,https://zovs.com,4,,,,,,,,,,,47 - ON-SALE GENERAL EATING PLACE,,,,,,,,,,,ZOVS BISTRO INC,17440 E 17TH ST,STE A,TUSTIN,CA,92780,,,,,,,,,,,,,,,,,,,,,,,,,,,,,,,,,,,,,,,,,,,True,True,False,False,False,True,False
11901,385997,NUNEZ  ALDO MOISES,27 - SANTA ROSA,LA PRIMA PIZZA,1923 LAKE ST   CALISTOGA  CA  94515,NAPA,2020.00,NUNEZ  ALDO MOISES| NUNEZ  ELIZABETH,ACTIVE,,,,,N/A,*Operating Restrictions exist. For more information  please see our Guidelines for Access to Records.,No Active Disciplinary Action found,Reg. Number:        05060149        Section:25658(a)Section:24200(a&b)            Proceeding Status:            CLOSED                    Decision:            POIC                        Suspension Days:            15                        POIC/Fine:            750,No Active Holds found,No Escrow found,,,N/A,,La Prima,https://www.laprimamenu.com/?utm_source=gbp,  restaurant |   food |   point_of_interest |   establishment,OPERATIONAL,P0,Y,1,LA PRIMA PIZZA,1923 LAKE ST   CALISTOGA  CA  94515,+1 707-942-8070,https://www.yelp.nl/biz/la-prima-calistoga?osq=LA+PRIMA+PIZZA,,(707) 942-8070,not url,2.8,,,,,,,,,,,47 - ON-SALE GENERAL EATING PLACE,,,,,,,,,,,NUNEZ  ALDO MOISES,1923 LAKE ST,,CALISTOGA,CA,94515,,,,,,,,,,,,,,,,,,,,,,,,,,,,,,,,,,,,,,,,,,,True,True,False,False,False,True,False
11902,259509,PALACE HOLDINGS INC,04 - LA/METRO,AVALON HOLLYWOOD,1735 VINE ST   LOS ANGELES  CA  90028,LOS ANGELES,1902.01,PALACE HOLDINGS INC,ACTIVE,,,,,N/A,*Operating Restrictions exist. For more information  please see our Guidelines for Access to Records.,No Active Disciplinary Action found,Reg. Number:        00048724        Section:25658(a)Section:25658(b)Section:24200(a&b)            Proceeding Status:            CLOSED                    Decision:            DISMISS,No Active Holds found,No Escrow found,,,N/A,,AVALON Hollywood & Bardot,http://www.avalonhollywood.com/,  night_club |   point_of_interest |   establishment,OPERATIONAL,P40,Y,1,AVALON HOLLYWOOD,1735 VINE ST   LOS ANGELES  CA  90028,+1 323-462-8900,https://www.yelp.nl/biz/avalon-hollywood-los-angeles-2?osq=AVALON+HOLLYWOOD,,(323) 462-8900,https://avalonhollywood.com,3.2,,,,,,,,,,,47 - ON-SALE GENERAL EATING PLACE,,,,,,,,,,,PALACE HOLDINGS INC,1735 VINE ST,,LOS ANGELES,CA,90028,,,,,,,,,,,,,,,,,,,,,,,,,,,,,,,,,,,,,,,,,,,True,True,False,False,False,True,False
